Date,Sector,Ticker,Close,Return
04-05-2020,SERVICES,ADANIPORTS,266.35,0
04-05-2020,CONSUMER GOODS,ASIANPAINT,1676.8,0
04-05-2020,FINANCIAL SERVICES,AXISBANK,402.8,0
04-05-2020,AUTOMOBILE,BAJAJ-AUTO,2442.15,0
04-05-2020,FINANCIAL SERVICES,BAJAJFINSV,4762.35,0
04-05-2020,FINANCIAL SERVICES,BAJFINANCE,2079.65,0
04-05-2020,TELECOM,BHARTIARTL,532.5,0
04-05-2020,OIL & GAS,BPCL,347.9,0
04-05-2020,CONSUMER GOODS,BRITANNIA,3092.95,0
04-05-2020,PHARMA,CIPLA,611.85,0
04-05-2020,METALS,COALINDIA,142.3,0
04-05-2020,PHARMA,DRREDDY,3939,0
04-05-2020,AUTOMOBILE,EICHERMOT,13748.8,0
04-05-2020,OIL & GAS,GAIL,93.5,0
04-05-2020,CEMENT & CEMENT PRODUCTS,GRASIM,479.05,0
04-05-2020,IT,HCLTECH,514.25,0
04-05-2020,FINANCIAL SERVICES,HDFC,1724.35,0
04-05-2020,FINANCIAL SERVICES,HDFCBANK,923,0
04-05-2020,AUTOMOBILE,HEROMOTOCO,2000.7,0
04-05-2020,METALS,HINDALCO,115.9,0
04-05-2020,CONSUMER GOODS,HINDUNILVR,2082.65,0
04-05-2020,FINANCIAL SERVICES,ICICIBANK,338.05,0
04-05-2020,FINANCIAL SERVICES,INDUSINDBK,423.05,0
04-05-2020,TELECOM,INFRATEL,168.5,0
04-05-2020,IT,INFY,673.7,0
04-05-2020,OIL & GAS,IOC,79.75,0
04-05-2020,CONSUMER GOODS,ITC,174.05,0
04-05-2020,METALS,JSWSTEEL,163.55,0
04-05-2020,FINANCIAL SERVICES,KOTAKBANK,1277.8,0
04-05-2020,CONSTRUCTION,LT,850.65,0
04-05-2020,AUTOMOBILE,M&M,357.05,0
04-05-2020,AUTOMOBILE,MARUTI,4886.3,0
04-05-2020,CONSUMER GOODS,NESTLEIND,17456.45,0
04-05-2020,POWER,NTPC,91.45,0
04-05-2020,OIL & GAS,ONGC,76.55,0
04-05-2020,POWER,POWERGRID,159.05,0
04-05-2020,OIL & GAS,RELIANCE,1435.2,0
04-05-2020,FINANCIAL SERVICES,SBIN,178.85,0
04-05-2020,CEMENT & CEMENT PRODUCTS,SHREECEM,18625,0
04-05-2020,PHARMA,SUNPHARMA,465.45,0
04-05-2020,AUTOMOBILE,TATAMOTORS,83.9,0
04-05-2020,METALS,TATASTEEL,273.6,0
04-05-2020,IT,TCS,1930.45,0
04-05-2020,IT,TECHM,502.45,0
04-05-2020,CONSUMER GOODS,TITAN,891.85,0
04-05-2020,CEMENT & CEMENT PRODUCTS,ULTRACEMCO,3347.6,0
04-05-2020,FERTILISERS & PESTICIDES,UPL,385.4,0
04-05-2020,METALS,VEDL,79.95,0
04-05-2020,IT,WIPRO,190.05,0
04-05-2020,MEDIA & ENTERTAINMENT,ZEEL,146.4,0
05-05-2020,SERVICES,ADANIPORTS,263.1,-1.220198986
05-05-2020,CONSUMER GOODS,ASIANPAINT,1619.15,-3.438096374
05-05-2020,FINANCIAL SERVICES,AXISBANK,389,-3.426017875
05-05-2020,AUTOMOBILE,BAJAJ-AUTO,2422.8,-0.792334623
05-05-2020,FINANCIAL SERVICES,BAJAJFINSV,4629.2,-2.795888584
05-05-2020,FINANCIAL SERVICES,BAJFINANCE,2002.35,-3.716971606
05-05-2020,TELECOM,BHARTIARTL,528.05,-0.835680751
05-05-2020,OIL & GAS,BPCL,347.05,-0.244323081
05-05-2020,CONSUMER GOODS,BRITANNIA,2978.75,-3.6922679
05-05-2020,PHARMA,CIPLA,596.9,-2.443409332
05-05-2020,METALS,COALINDIA,138,-3.021784961
05-05-2020,PHARMA,DRREDDY,3833.9,-2.668189896
05-05-2020,AUTOMOBILE,EICHERMOT,13810.95,0.452039451
05-05-2020,OIL & GAS,GAIL,91.1,-2.56684492
05-05-2020,CEMENT & CEMENT PRODUCTS,GRASIM,471.45,-1.586473228
05-05-2020,IT,HCLTECH,520.4,1.195916383
05-05-2020,FINANCIAL SERVICES,HDFC,1689.9,-1.997854264
05-05-2020,FINANCIAL SERVICES,HDFCBANK,911.45,-1.25135428
05-05-2020,AUTOMOBILE,HEROMOTOCO,1965.35,-1.766881591
05-05-2020,METALS,HINDALCO,115.9,0
05-05-2020,CONSUMER GOODS,HINDUNILVR,2041.5,-1.975848078
05-05-2020,FINANCIAL SERVICES,ICICIBANK,330.85,-2.129862446
05-05-2020,FINANCIAL SERVICES,INDUSINDBK,418.7,-1.028247252
05-05-2020,TELECOM,INFRATEL,170.6,1.246290801
05-05-2020,IT,INFY,673.7,0
05-05-2020,OIL & GAS,IOC,78.7,-1.31661442
05-05-2020,CONSUMER GOODS,ITC,173.9,-0.086182132
05-05-2020,METALS,JSWSTEEL,163.9,0.214001834
05-05-2020,FINANCIAL SERVICES,KOTAKBANK,1238.35,-3.087337612
05-05-2020,CONSTRUCTION,LT,836.9,-1.61641098
05-05-2020,AUTOMOBILE,M&M,368.15,3.10880829
05-05-2020,AUTOMOBILE,MARUTI,4829.85,-1.155270859
05-05-2020,CONSUMER GOODS,NESTLEIND,17421.5,-0.200212529
05-05-2020,POWER,NTPC,92.6,1.257517769
05-05-2020,OIL & GAS,ONGC,78.45,2.482037884
05-05-2020,POWER,POWERGRID,163.65,2.892172273
05-05-2020,OIL & GAS,RELIANCE,1460.65,1.773272018
05-05-2020,FINANCIAL SERVICES,SBIN,170.4,-4.724629578
05-05-2020,CEMENT & CEMENT PRODUCTS,SHREECEM,18512,-0.606711409
05-05-2020,PHARMA,SUNPHARMA,456.3,-1.96583951
05-05-2020,AUTOMOBILE,TATAMOTORS,80.9,-3.57568534
05-05-2020,METALS,TATASTEEL,272.65,-0.347222222
05-05-2020,IT,TCS,1932.75,0.119143205
05-05-2020,IT,TECHM,499.95,-0.497561946
05-05-2020,CONSUMER GOODS,TITAN,886.95,-0.549419745
05-05-2020,CEMENT & CEMENT PRODUCTS,ULTRACEMCO,3284.35,-1.889413311
05-05-2020,FERTILISERS & PESTICIDES,UPL,387.05,0.428126622
05-05-2020,METALS,VEDL,78.9,-1.313320826
05-05-2020,IT,WIPRO,184.2,-3.078137332
05-05-2020,MEDIA & ENTERTAINMENT,ZEEL,148.4,1.366120219
06-05-2020,SERVICES,ADANIPORTS,270.15,1.426694199
06-05-2020,CONSUMER GOODS,ASIANPAINT,1610.65,-3.945014313
06-05-2020,FINANCIAL SERVICES,AXISBANK,388.85,-3.4632572
06-05-2020,AUTOMOBILE,BAJAJ-AUTO,2471.85,1.216141515
06-05-2020,FINANCIAL SERVICES,BAJAJFINSV,4692.9,-1.458313648
06-05-2020,FINANCIAL SERVICES,BAJFINANCE,2106.25,1.279061381
06-05-2020,TELECOM,BHARTIARTL,546,2.535211268
06-05-2020,OIL & GAS,BPCL,343.8,-1.178499569
06-05-2020,CONSUMER GOODS,BRITANNIA,2987.7,-3.402900144
06-05-2020,PHARMA,CIPLA,591.75,-3.285118902
06-05-2020,METALS,COALINDIA,133.75,-6.008432888
06-05-2020,PHARMA,DRREDDY,3852.5,-2.19598883
06-05-2020,AUTOMOBILE,EICHERMOT,13859.95,0.808434191
06-05-2020,OIL & GAS,GAIL,94.7,1.28342246
06-05-2020,CEMENT & CEMENT PRODUCTS,GRASIM,482.4,0.699300699
06-05-2020,IT,HCLTECH,519.1,0.94312105
06-05-2020,FINANCIAL SERVICES,HDFC,1732.15,0.452344362
06-05-2020,FINANCIAL SERVICES,HDFCBANK,946.4,2.535211268
06-05-2020,AUTOMOBILE,HEROMOTOCO,2026.75,1.302044285
06-05-2020,METALS,HINDALCO,118.6,2.329594478
06-05-2020,CONSUMER GOODS,HINDUNILVR,2010.2,-3.478741027
06-05-2020,FINANCIAL SERVICES,ICICIBANK,341.4,0.990977666
06-05-2020,FINANCIAL SERVICES,INDUSINDBK,425.5,0.579127763
06-05-2020,TELECOM,INFRATEL,160.9,-4.510385757
06-05-2020,IT,INFY,665.9,-1.157785364
06-05-2020,OIL & GAS,IOC,76.55,-4.012539185
06-05-2020,CONSUMER GOODS,ITC,163.9,-5.83165757
06-05-2020,METALS,JSWSTEEL,165.8,1.375726078
06-05-2020,FINANCIAL SERVICES,KOTAKBANK,1245.95,-2.492565347
06-05-2020,CONSTRUCTION,LT,837.3,-1.569388115
06-05-2020,AUTOMOBILE,M&M,387.15,8.43019185
06-05-2020,AUTOMOBILE,MARUTI,4843.25,-0.88103473
06-05-2020,CONSUMER GOODS,NESTLEIND,17309.3,-0.842954896
06-05-2020,POWER,NTPC,94.7,3.553854565
06-05-2020,OIL & GAS,ONGC,79.25,3.527106466
06-05-2020,POWER,POWERGRID,165.4,3.992455203
06-05-2020,OIL & GAS,RELIANCE,1460.75,1.780239688
06-05-2020,FINANCIAL SERVICES,SBIN,171.1,-4.333240145
06-05-2020,CEMENT & CEMENT PRODUCTS,SHREECEM,18741.9,0.627651007
06-05-2020,PHARMA,SUNPHARMA,454.4,-2.374046622
06-05-2020,AUTOMOBILE,TATAMOTORS,83.2,-0.834326579
06-05-2020,METALS,TATASTEEL,277.75,1.516812865
06-05-2020,IT,TCS,1903.6,-1.390867414
06-05-2020,IT,TECHM,506.85,0.875709026
06-05-2020,CONSUMER GOODS,TITAN,876.45,-1.726747771
06-05-2020,CEMENT & CEMENT PRODUCTS,ULTRACEMCO,3324.4,-0.693033815
06-05-2020,FERTILISERS & PESTICIDES,UPL,379,-1.660612351
06-05-2020,METALS,VEDL,79.45,-0.625390869
06-05-2020,IT,WIPRO,187.05,-1.578531965
06-05-2020,MEDIA & ENTERTAINMENT,ZEEL,152.65,4.269125683
07-05-2020,SERVICES,ADANIPORTS,282.4,6.025905763
07-05-2020,CONSUMER GOODS,ASIANPAINT,1594.3,-4.920085878
07-05-2020,FINANCIAL SERVICES,AXISBANK,397.35,-1.353028798
07-05-2020,AUTOMOBILE,BAJAJ-AUTO,2406.55,-1.457731917
07-05-2020,FINANCIAL SERVICES,BAJAJFINSV,4673.4,-1.867775363
07-05-2020,FINANCIAL SERVICES,BAJFINANCE,2060.55,-0.918423773
07-05-2020,TELECOM,BHARTIARTL,528.05,-0.835680751
07-05-2020,OIL & GAS,BPCL,329.55,-5.274504168
07-05-2020,CONSUMER GOODS,BRITANNIA,2915.35,-5.742090884
07-05-2020,PHARMA,CIPLA,589.55,-3.644684155
07-05-2020,METALS,COALINDIA,130.8,-8.08151792
07-05-2020,PHARMA,DRREDDY,3837.65,-2.572988068
07-05-2020,AUTOMOBILE,EICHERMOT,14010.5,1.903438846
07-05-2020,OIL & GAS,GAIL,91.5,-2.139037433
07-05-2020,CEMENT & CEMENT PRODUCTS,GRASIM,485.2,1.283790836
07-05-2020,IT,HCLTECH,511.75,-0.486144871
07-05-2020,FINANCIAL SERVICES,HDFC,1703.9,-1.185954128
07-05-2020,FINANCIAL SERVICES,HDFCBANK,925,0.216684724
07-05-2020,AUTOMOBILE,HEROMOTOCO,2000.3,-0.019993002
07-05-2020,METALS,HINDALCO,117.65,1.509922347
07-05-2020,CONSUMER GOODS,HINDUNILVR,1992.05,-4.350226874
07-05-2020,FINANCIAL SERVICES,ICICIBANK,336.75,-0.384558497
07-05-2020,FINANCIAL SERVICES,INDUSINDBK,454.35,7.398652642
07-05-2020,TELECOM,INFRATEL,172.8,2.551928783
07-05-2020,IT,INFY,664.95,-1.298797684
07-05-2020,OIL & GAS,IOC,75.75,-5.015673981
07-05-2020,CONSUMER GOODS,ITC,161,-7.497845447
07-05-2020,METALS,JSWSTEEL,172.2,5.288902476
07-05-2020,FINANCIAL SERVICES,KOTAKBANK,1199.8,-6.104241665
07-05-2020,CONSTRUCTION,LT,822.85,-3.268089108
07-05-2020,AUTOMOBILE,M&M,400.65,12.21117491
07-05-2020,AUTOMOBILE,MARUTI,4749.3,-2.803757444
07-05-2020,CONSUMER GOODS,NESTLEIND,17142.45,-1.798762062
07-05-2020,POWER,NTPC,90.45,-1.093493712
07-05-2020,OIL & GAS,ONGC,75.6,-1.241018942
07-05-2020,POWER,POWERGRID,161.75,1.697579378
07-05-2020,OIL & GAS,RELIANCE,1506.95,4.999303233
07-05-2020,FINANCIAL SERVICES,SBIN,170.75,-4.528934862
07-05-2020,CEMENT & CEMENT PRODUCTS,SHREECEM,18432.4,-1.03409396
07-05-2020,PHARMA,SUNPHARMA,452.2,-2.846707487
07-05-2020,AUTOMOBILE,TATAMOTORS,82.5,-1.668653159
07-05-2020,METALS,TATASTEEL,275.85,0.822368421
07-05-2020,IT,TCS,1891.65,-2.009894066
07-05-2020,IT,TECHM,516.35,2.766444422
07-05-2020,CONSUMER GOODS,TITAN,849.1,-4.793406963
07-05-2020,CEMENT & CEMENT PRODUCTS,ULTRACEMCO,3252.85,-2.830385948
07-05-2020,FERTILISERS & PESTICIDES,UPL,368.4,-4.411001557
07-05-2020,METALS,VEDL,78.55,-1.751094434
07-05-2020,IT,WIPRO,184.1,-3.130755064
07-05-2020,MEDIA & ENTERTAINMENT,ZEEL,147.35,0.648907104
08-05-2020,SERVICES,ADANIPORTS,285.05,7.020837244
08-05-2020,CONSUMER GOODS,ASIANPAINT,1578.4,-5.868320611
08-05-2020,FINANCIAL SERVICES,AXISBANK,382.05,-5.151439921
08-05-2020,AUTOMOBILE,BAJAJ-AUTO,2419.05,-0.945887845
08-05-2020,FINANCIAL SERVICES,BAJAJFINSV,4601,-3.388033219
08-05-2020,FINANCIAL SERVICES,BAJFINANCE,2024.15,-2.668718294
08-05-2020,TELECOM,BHARTIARTL,530.05,-0.460093897
08-05-2020,OIL & GAS,BPCL,324.75,-6.65421098
08-05-2020,CONSUMER GOODS,BRITANNIA,2994.65,-3.178195574
08-05-2020,PHARMA,CIPLA,591.9,-3.260603089
08-05-2020,METALS,COALINDIA,129,-9.34645116
08-05-2020,PHARMA,DRREDDY,3984,1.142421935
08-05-2020,AUTOMOBILE,EICHERMOT,13858.85,0.800433492
08-05-2020,OIL & GAS,GAIL,91.35,-2.299465241
08-05-2020,CEMENT & CEMENT PRODUCTS,GRASIM,486.3,1.513411961
08-05-2020,IT,HCLTECH,518.4,0.807000486
08-05-2020,FINANCIAL SERVICES,HDFC,1689.7,-2.009452837
08-05-2020,FINANCIAL SERVICES,HDFCBANK,929.05,0.655471289
08-05-2020,AUTOMOBILE,HEROMOTOCO,1962.6,-1.904333483
08-05-2020,METALS,HINDALCO,117.1,1.035375324
08-05-2020,CONSUMER GOODS,HINDUNILVR,2089.45,0.326507094
08-05-2020,FINANCIAL SERVICES,ICICIBANK,337.7,-0.10353498
08-05-2020,FINANCIAL SERVICES,INDUSINDBK,440.35,4.089351141
08-05-2020,TELECOM,INFRATEL,174.25,3.412462908
08-05-2020,IT,INFY,674.2,0.074217011
08-05-2020,OIL & GAS,IOC,74.35,-6.771159875
08-05-2020,CONSUMER GOODS,ITC,158.25,-9.077851192
08-05-2020,METALS,JSWSTEEL,168.65,3.118312443
08-05-2020,FINANCIAL SERVICES,KOTAKBANK,1217.45,-4.72296134
08-05-2020,CONSTRUCTION,LT,815.95,-4.079233527
08-05-2020,AUTOMOBILE,M&M,386.7,8.304159081
08-05-2020,AUTOMOBILE,MARUTI,4654.15,-4.751038618
08-05-2020,CONSUMER GOODS,NESTLEIND,17802.95,1.984939664
08-05-2020,POWER,NTPC,87,-4.86604702
08-05-2020,OIL & GAS,ONGC,76,-0.718484651
08-05-2020,POWER,POWERGRID,159,-0.031436655
08-05-2020,OIL & GAS,RELIANCE,1561.8,8.821070234
08-05-2020,FINANCIAL SERVICES,SBIN,166.65,-6.82135868
08-05-2020,CEMENT & CEMENT PRODUCTS,SHREECEM,18732.75,0.57852349
08-05-2020,PHARMA,SUNPHARMA,469,0.762702761
08-05-2020,AUTOMOBILE,TATAMOTORS,81.05,-3.396901073
08-05-2020,METALS,TATASTEEL,272.9,-0.255847953
08-05-2020,IT,TCS,1893.4,-1.919241628
08-05-2020,IT,TECHM,536.2,6.717086277
08-05-2020,CONSUMER GOODS,TITAN,832.85,-6.615462241
08-05-2020,CEMENT & CEMENT PRODUCTS,ULTRACEMCO,3305.8,-1.248655753
08-05-2020,FERTILISERS & PESTICIDES,UPL,364.6,-5.39699014
08-05-2020,METALS,VEDL,77.4,-3.189493433
08-05-2020,IT,WIPRO,184,-3.183372797
08-05-2020,MEDIA & ENTERTAINMENT,ZEEL,150.65,2.903005464
11-05-2020,SERVICES,ADANIPORTS,289.7,8.766660409
11-05-2020,CONSUMER GOODS,ASIANPAINT,1569.6,-6.393129771
11-05-2020,FINANCIAL SERVICES,AXISBANK,379.55,-5.772095333
11-05-2020,AUTOMOBILE,BAJAJ-AUTO,2566.3,5.083635321
11-05-2020,FINANCIAL SERVICES,BAJAJFINSV,4558,-4.290948796
11-05-2020,FINANCIAL SERVICES,BAJFINANCE,2015.05,-3.106291924
11-05-2020,TELECOM,BHARTIARTL,536.2,0.694835681
11-05-2020,OIL & GAS,BPCL,314.8,-9.514228227
11-05-2020,CONSUMER GOODS,BRITANNIA,3053.95,-1.26093212
11-05-2020,PHARMA,CIPLA,586.05,-4.216719784
11-05-2020,METALS,COALINDIA,128.45,-9.732958538
11-05-2020,PHARMA,DRREDDY,3862,-1.954810866
11-05-2020,AUTOMOBILE,EICHERMOT,14288.95,3.928706505
11-05-2020,OIL & GAS,GAIL,92.05,-1.550802139
11-05-2020,CEMENT & CEMENT PRODUCTS,GRASIM,504.45,5.302160526
11-05-2020,IT,HCLTECH,527.55,2.586290715
11-05-2020,FINANCIAL SERVICES,HDFC,1658.45,-3.821729927
11-05-2020,FINANCIAL SERVICES,HDFCBANK,915.8,-0.780065005
11-05-2020,AUTOMOBILE,HEROMOTOCO,2088.65,4.395961414
11-05-2020,METALS,HINDALCO,119.75,3.321829163
11-05-2020,CONSUMER GOODS,HINDUNILVR,2048,-1.663745709
11-05-2020,FINANCIAL SERVICES,ICICIBANK,320.15,-5.295074693
11-05-2020,FINANCIAL SERVICES,INDUSINDBK,433.4,2.446519324
11-05-2020,TELECOM,INFRATEL,183.6,8.961424332
11-05-2020,IT,INFY,682.9,1.365592994
11-05-2020,OIL & GAS,IOC,75.35,-5.517241379
11-05-2020,CONSUMER GOODS,ITC,158.45,-8.962941683
11-05-2020,METALS,JSWSTEEL,174.55,6.725771935
11-05-2020,FINANCIAL SERVICES,KOTAKBANK,1188.45,-6.992487087
11-05-2020,CONSTRUCTION,LT,821.6,-3.415035561
11-05-2020,AUTOMOBILE,M&M,390.1,9.256406666
11-05-2020,AUTOMOBILE,MARUTI,4937.8,1.053967214
11-05-2020,CONSUMER GOODS,NESTLEIND,17562.1,0.60522042
11-05-2020,POWER,NTPC,86.65,-5.24876982
11-05-2020,OIL & GAS,ONGC,77.05,0.653167864
11-05-2020,POWER,POWERGRID,158.8,-0.157183276
11-05-2020,OIL & GAS,RELIANCE,1576.8,9.866220736
11-05-2020,FINANCIAL SERVICES,SBIN,165.45,-7.492311993
11-05-2020,CEMENT & CEMENT PRODUCTS,SHREECEM,18914.9,1.556510067
11-05-2020,PHARMA,SUNPHARMA,463.85,-0.343753357
11-05-2020,AUTOMOBILE,TATAMOTORS,86.1,2.622169249
11-05-2020,METALS,TATASTEEL,276.2,0.950292398
11-05-2020,IT,TCS,1935.3,0.251236758
11-05-2020,IT,TECHM,530.2,5.522937606
11-05-2020,CONSUMER GOODS,TITAN,829.6,-6.979873297
11-05-2020,CEMENT & CEMENT PRODUCTS,ULTRACEMCO,3360.75,0.392818736
11-05-2020,FERTILISERS & PESTICIDES,UPL,368.1,-4.488842761
11-05-2020,METALS,VEDL,79.6,-0.437773609
11-05-2020,IT,WIPRO,184.7,-2.815048671
11-05-2020,MEDIA & ENTERTAINMENT,ZEEL,155.4,6.147540984
12-05-2020,SERVICES,ADANIPORTS,291.5,9.442462925
12-05-2020,CONSUMER GOODS,ASIANPAINT,1523.35,-9.151359733
12-05-2020,FINANCIAL SERVICES,AXISBANK,386.85,-3.959781529
12-05-2020,AUTOMOBILE,BAJAJ-AUTO,2628.85,7.644903057
12-05-2020,FINANCIAL SERVICES,BAJAJFINSV,4668.2,-1.976965154
12-05-2020,FINANCIAL SERVICES,BAJFINANCE,2069.7,-0.478445892
12-05-2020,TELECOM,BHARTIARTL,559.85,5.136150235
12-05-2020,OIL & GAS,BPCL,312.5,-10.17533774
12-05-2020,CONSUMER GOODS,BRITANNIA,3107.3,0.463958357
12-05-2020,PHARMA,CIPLA,570.15,-6.81539593
12-05-2020,METALS,COALINDIA,126.85,-10.85734364
12-05-2020,PHARMA,DRREDDY,3773.4,-4.204112719
12-05-2020,AUTOMOBILE,EICHERMOT,14167.05,3.042083673
12-05-2020,OIL & GAS,GAIL,88.7,-5.13368984
12-05-2020,CEMENT & CEMENT PRODUCTS,GRASIM,517.95,8.120237971
12-05-2020,IT,HCLTECH,527.4,2.557122022
12-05-2020,FINANCIAL SERVICES,HDFC,1674.1,-2.914141561
12-05-2020,FINANCIAL SERVICES,HDFCBANK,901.55,-2.323943662
12-05-2020,AUTOMOBILE,HEROMOTOCO,2114.3,5.678012696
12-05-2020,METALS,HINDALCO,121.1,4.486626402
12-05-2020,CONSUMER GOODS,HINDUNILVR,2011.55,-3.413919766
12-05-2020,FINANCIAL SERVICES,ICICIBANK,321.2,-4.984469753
12-05-2020,FINANCIAL SERVICES,INDUSINDBK,446.2,5.472166411
12-05-2020,TELECOM,INFRATEL,189.6,12.52225519
12-05-2020,IT,INFY,687.65,2.070654594
12-05-2020,OIL & GAS,IOC,74.9,-6.081504702
12-05-2020,CONSUMER GOODS,ITC,165.05,-5.170927894
12-05-2020,METALS,JSWSTEEL,178.2,8.95750535
12-05-2020,FINANCIAL SERVICES,KOTAKBANK,1157.2,-9.438096729
12-05-2020,CONSTRUCTION,LT,814.8,-4.214424264
12-05-2020,AUTOMOBILE,M&M,393.05,10.08262148
12-05-2020,AUTOMOBILE,MARUTI,4951.3,1.330249882
12-05-2020,CONSUMER GOODS,NESTLEIND,17461.95,0.031506979
12-05-2020,POWER,NTPC,91.65,0.218698742
12-05-2020,OIL & GAS,ONGC,76.3,-0.326583932
12-05-2020,POWER,POWERGRID,163.3,2.672115687
12-05-2020,OIL & GAS,RELIANCE,1479.25,3.06925864
12-05-2020,FINANCIAL SERVICES,SBIN,166.9,-6.68157674
12-05-2020,CEMENT & CEMENT PRODUCTS,SHREECEM,19127.2,2.696375839
12-05-2020,PHARMA,SUNPHARMA,463.9,-0.333011065
12-05-2020,AUTOMOBILE,TATAMOTORS,86.2,2.74135876
12-05-2020,METALS,TATASTEEL,273.95,0.127923977
12-05-2020,IT,TCS,1949.5,0.986816545
12-05-2020,IT,TECHM,533.25,6.12996318
12-05-2020,CONSUMER GOODS,TITAN,846.45,-5.090542132
12-05-2020,CEMENT & CEMENT PRODUCTS,ULTRACEMCO,3349.35,0.052276258
12-05-2020,FERTILISERS & PESTICIDES,UPL,374.55,-2.815256876
12-05-2020,METALS,VEDL,89.05,11.38211382
12-05-2020,IT,WIPRO,187.05,-1.578531965
12-05-2020,MEDIA & ENTERTAINMENT,ZEEL,155.05,5.908469945
13-05-2020,SERVICES,ADANIPORTS,309.35,16.1441712
13-05-2020,CONSUMER GOODS,ASIANPAINT,1563.3,-6.76884542
13-05-2020,FINANCIAL SERVICES,AXISBANK,414,2.780536246
13-05-2020,AUTOMOBILE,BAJAJ-AUTO,2696,10.39452941
13-05-2020,FINANCIAL SERVICES,BAJAJFINSV,4816.4,1.134943883
13-05-2020,FINANCIAL SERVICES,BAJFINANCE,2161.05,3.914120164
13-05-2020,TELECOM,BHARTIARTL,555.95,4.403755869
13-05-2020,OIL & GAS,BPCL,316.55,-9.011210118
13-05-2020,CONSUMER GOODS,BRITANNIA,3079.55,-0.433243344
13-05-2020,PHARMA,CIPLA,570.2,-6.807223993
13-05-2020,METALS,COALINDIA,130.6,-8.222066058
13-05-2020,PHARMA,DRREDDY,3779.6,-4.046712364
13-05-2020,AUTOMOBILE,EICHERMOT,14271.65,3.802877342
13-05-2020,OIL & GAS,GAIL,89.35,-4.438502674
13-05-2020,CEMENT & CEMENT PRODUCTS,GRASIM,522.95,9.163970358
13-05-2020,IT,HCLTECH,528.75,2.819640253
13-05-2020,FINANCIAL SERVICES,HDFC,1712.75,-0.672717256
13-05-2020,FINANCIAL SERVICES,HDFCBANK,927.65,0.503791983
13-05-2020,AUTOMOBILE,HEROMOTOCO,2187.6,9.341730394
13-05-2020,METALS,HINDALCO,123.55,6.600517688
13-05-2020,CONSUMER GOODS,HINDUNILVR,1995.75,-4.172568603
13-05-2020,FINANCIAL SERVICES,ICICIBANK,338.05,0
13-05-2020,FINANCIAL SERVICES,INDUSINDBK,448.6,6.039475239
13-05-2020,TELECOM,INFRATEL,196.15,16.40949555
13-05-2020,IT,INFY,694.15,3.035475731
13-05-2020,OIL & GAS,IOC,76,-4.702194357
13-05-2020,CONSUMER GOODS,ITC,165.4,-4.969836254
13-05-2020,METALS,JSWSTEEL,182.35,11.49495567
13-05-2020,FINANCIAL SERVICES,KOTAKBANK,1186.7,-7.129441227
13-05-2020,CONSTRUCTION,LT,862.9,1.440075237
13-05-2020,AUTOMOBILE,M&M,413.05,15.68407786
13-05-2020,AUTOMOBILE,MARUTI,5036.1,3.065714344
13-05-2020,CONSUMER GOODS,NESTLEIND,16512.35,-5.408316124
13-05-2020,POWER,NTPC,93.05,1.74958994
13-05-2020,OIL & GAS,ONGC,78.2,2.155453952
13-05-2020,POWER,POWERGRID,166.65,4.778371581
13-05-2020,OIL & GAS,RELIANCE,1496.45,4.267697882
13-05-2020,FINANCIAL SERVICES,SBIN,174.1,-2.655856863
13-05-2020,CEMENT & CEMENT PRODUCTS,SHREECEM,19763.25,6.111409396
13-05-2020,PHARMA,SUNPHARMA,452.35,-2.81448061
13-05-2020,AUTOMOBILE,TATAMOTORS,87.2,3.933253874
13-05-2020,METALS,TATASTEEL,276.55,1.078216374
13-05-2020,IT,TCS,1949.65,0.994586754
13-05-2020,IT,TECHM,544.75,8.418748134
13-05-2020,CONSUMER GOODS,TITAN,860.45,-3.52077143
13-05-2020,CEMENT & CEMENT PRODUCTS,ULTRACEMCO,3546.7,5.947544509
13-05-2020,FERTILISERS & PESTICIDES,UPL,389.65,1.102750389
13-05-2020,METALS,VEDL,90.25,12.88305191
13-05-2020,IT,WIPRO,189.7,-0.184162063
13-05-2020,MEDIA & ENTERTAINMENT,ZEEL,165.15,12.80737705
14-05-2020,SERVICES,ADANIPORTS,308.4,15.78749765
14-05-2020,CONSUMER GOODS,ASIANPAINT,1522.4,-9.208015267
14-05-2020,FINANCIAL SERVICES,AXISBANK,401.95,-0.21102284
14-05-2020,AUTOMOBILE,BAJAJ-AUTO,2702.65,10.66683046
14-05-2020,FINANCIAL SERVICES,BAJAJFINSV,4790.25,0.585845223
14-05-2020,FINANCIAL SERVICES,BAJFINANCE,2112,1.555550213
14-05-2020,TELECOM,BHARTIARTL,539.85,1.38028169
14-05-2020,OIL & GAS,BPCL,309.7,-10.98016671
14-05-2020,CONSUMER GOODS,BRITANNIA,3118.7,0.832538515
14-05-2020,PHARMA,CIPLA,569.75,-6.880771431
14-05-2020,METALS,COALINDIA,128.65,-9.592410401
14-05-2020,PHARMA,DRREDDY,3732,-5.255140899
14-05-2020,AUTOMOBILE,EICHERMOT,14031.85,2.058725125
14-05-2020,OIL & GAS,GAIL,85.45,-8.609625668
14-05-2020,CEMENT & CEMENT PRODUCTS,GRASIM,511.4,6.752948544
14-05-2020,IT,HCLTECH,517.45,0.622265435
14-05-2020,FINANCIAL SERVICES,HDFC,1632.4,-5.332444109
14-05-2020,FINANCIAL SERVICES,HDFCBANK,893.7,-3.174431203
14-05-2020,AUTOMOBILE,HEROMOTOCO,2241.35,12.0282901
14-05-2020,METALS,HINDALCO,117.2,1.121656601
14-05-2020,CONSUMER GOODS,HINDUNILVR,2006.05,-3.678006386
14-05-2020,FINANCIAL SERVICES,ICICIBANK,327.4,-3.150421535
14-05-2020,FINANCIAL SERVICES,INDUSINDBK,428,1.170074459
14-05-2020,TELECOM,INFRATEL,209.65,24.42136499
14-05-2020,IT,INFY,658.15,-2.308149028
14-05-2020,OIL & GAS,IOC,75.15,-5.768025078
14-05-2020,CONSUMER GOODS,ITC,163.8,-5.889112324
14-05-2020,METALS,JSWSTEEL,175.2,7.123203913
14-05-2020,FINANCIAL SERVICES,KOTAKBANK,1173.1,-8.193770543
14-05-2020,CONSTRUCTION,LT,871.65,2.468700406
14-05-2020,AUTOMOBILE,M&M,400.45,12.15516034
14-05-2020,AUTOMOBILE,MARUTI,5114.05,4.660990934
14-05-2020,CONSUMER GOODS,NESTLEIND,16242.5,-6.954163074
14-05-2020,POWER,NTPC,89.35,-2.296336796
14-05-2020,OIL & GAS,ONGC,76.15,-0.522534291
14-05-2020,POWER,POWERGRID,160.8,1.10028293
14-05-2020,OIL & GAS,RELIANCE,1435.95,0.052257525
14-05-2020,FINANCIAL SERVICES,SBIN,167.95,-6.094492592
14-05-2020,CEMENT & CEMENT PRODUCTS,SHREECEM,19310.8,3.682147651
14-05-2020,PHARMA,SUNPHARMA,455.95,-2.041035557
14-05-2020,AUTOMOBILE,TATAMOTORS,83.8,-0.119189511
14-05-2020,METALS,TATASTEEL,268.55,-1.845760234
14-05-2020,IT,TCS,1902.35,-1.455619156
14-05-2020,IT,TECHM,515.7,2.637078316
14-05-2020,CONSUMER GOODS,TITAN,846,-5.140999047
14-05-2020,CEMENT & CEMENT PRODUCTS,ULTRACEMCO,3609.5,7.823515354
14-05-2020,FERTILISERS & PESTICIDES,UPL,391.85,1.673585885
14-05-2020,METALS,VEDL,89.15,11.50719199
14-05-2020,IT,WIPRO,186,-2.131018153
14-05-2020,MEDIA & ENTERTAINMENT,ZEEL,169.65,15.88114754
15-05-2020,SERVICES,ADANIPORTS,309.25,16.10662662
15-05-2020,CONSUMER GOODS,ASIANPAINT,1552.95,-7.386092557
15-05-2020,FINANCIAL SERVICES,AXISBANK,388.55,-3.537735849
15-05-2020,AUTOMOBILE,BAJAJ-AUTO,2663.6,9.067829576
15-05-2020,FINANCIAL SERVICES,BAJAJFINSV,4723.25,-0.821023234
15-05-2020,FINANCIAL SERVICES,BAJFINANCE,2086.45,0.326978097
15-05-2020,TELECOM,BHARTIARTL,554.1,4.056338028
15-05-2020,OIL & GAS,BPCL,318.2,-8.536935901
15-05-2020,CONSUMER GOODS,BRITANNIA,3125.65,1.057243085
15-05-2020,PHARMA,CIPLA,570.3,-6.790880118
15-05-2020,METALS,COALINDIA,129.6,-8.924806746
15-05-2020,PHARMA,DRREDDY,3735.1,-5.176440721
15-05-2020,AUTOMOBILE,EICHERMOT,14099.6,2.551495403
15-05-2020,OIL & GAS,GAIL,85.8,-8.235294118
15-05-2020,CEMENT & CEMENT PRODUCTS,GRASIM,517.85,8.099363323
15-05-2020,IT,HCLTECH,511.25,-0.583373845
15-05-2020,FINANCIAL SERVICES,HDFC,1633.8,-5.251254096
15-05-2020,FINANCIAL SERVICES,HDFCBANK,888.15,-3.775731311
15-05-2020,AUTOMOBILE,HEROMOTOCO,2193.55,9.639126306
15-05-2020,METALS,HINDALCO,119.25,2.890422778
15-05-2020,CONSUMER GOODS,HINDUNILVR,2032.1,-2.42719612
15-05-2020,FINANCIAL SERVICES,ICICIBANK,322.7,-4.54074841
15-05-2020,FINANCIAL SERVICES,INDUSINDBK,418.7,-1.028247252
15-05-2020,TELECOM,INFRATEL,202.5,20.17804154
15-05-2020,IT,INFY,652.3,-3.176488051
15-05-2020,OIL & GAS,IOC,75.5,-5.329153605
15-05-2020,CONSUMER GOODS,ITC,164.65,-5.400746912
15-05-2020,METALS,JSWSTEEL,174.3,6.572913482
15-05-2020,FINANCIAL SERVICES,KOTAKBANK,1178.3,-7.786821099
15-05-2020,CONSTRUCTION,LT,864.4,1.61641098
15-05-2020,AUTOMOBILE,M&M,381.3,6.791765859
15-05-2020,AUTOMOBILE,MARUTI,5100.4,4.381638459
15-05-2020,CONSUMER GOODS,NESTLEIND,16443.8,-5.80100765
15-05-2020,POWER,NTPC,90.85,-0.656096227
15-05-2020,OIL & GAS,ONGC,76.15,-0.522534291
15-05-2020,POWER,POWERGRID,159.8,0.471549827
15-05-2020,OIL & GAS,RELIANCE,1459.4,1.686176143
15-05-2020,FINANCIAL SERVICES,SBIN,166.4,-6.961140621
15-05-2020,CEMENT & CEMENT PRODUCTS,SHREECEM,19180.5,2.982550336
15-05-2020,PHARMA,SUNPHARMA,448.6,-3.620152541
15-05-2020,AUTOMOBILE,TATAMOTORS,84.35,0.536352801
15-05-2020,METALS,TATASTEEL,273.45,-0.054824561
15-05-2020,IT,TCS,1892.9,-1.945142324
15-05-2020,IT,TECHM,510.55,1.612100707
15-05-2020,CONSUMER GOODS,TITAN,845.6,-5.185849638
15-05-2020,CEMENT & CEMENT PRODUCTS,ULTRACEMCO,3583.15,7.036384275
15-05-2020,FERTILISERS & PESTICIDES,UPL,378.9,-1.686559419
15-05-2020,METALS,VEDL,92.95,16.2601626
15-05-2020,IT,WIPRO,183.8,-3.288608261
15-05-2020,MEDIA & ENTERTAINMENT,ZEEL,164.2,12.15846995
18-05-2020,SERVICES,ADANIPORTS,293.3,10.11826544
18-05-2020,CONSUMER GOODS,ASIANPAINT,1501.1,-10.47829198
18-05-2020,FINANCIAL SERVICES,AXISBANK,358.8,-10.92353525
18-05-2020,AUTOMOBILE,BAJAJ-AUTO,2477.45,1.445447659
18-05-2020,FINANCIAL SERVICES,BAJAJFINSV,4465.45,-6.234317091
18-05-2020,FINANCIAL SERVICES,BAJFINANCE,1938.6,-6.782391268
18-05-2020,TELECOM,BHARTIARTL,538.05,1.042253521
18-05-2020,OIL & GAS,BPCL,294.05,-15.4785858
18-05-2020,CONSUMER GOODS,BRITANNIA,3109.55,0.536704441
18-05-2020,PHARMA,CIPLA,600.45,-1.863201765
18-05-2020,METALS,COALINDIA,121.7,-14.47645819
18-05-2020,PHARMA,DRREDDY,3679.15,-6.596851993
18-05-2020,AUTOMOBILE,EICHERMOT,12988.2,-5.532119167
18-05-2020,OIL & GAS,GAIL,81,-13.36898396
18-05-2020,CEMENT & CEMENT PRODUCTS,GRASIM,495.8,3.496503497
18-05-2020,IT,HCLTECH,510.75,-0.68060282
18-05-2020,FINANCIAL SERVICES,HDFC,1512.05,-12.31188564
18-05-2020,FINANCIAL SERVICES,HDFCBANK,836.65,-9.355362947
18-05-2020,AUTOMOBILE,HEROMOTOCO,2070.55,3.491278053
18-05-2020,METALS,HINDALCO,115.35,-0.474547023
18-05-2020,CONSUMER GOODS,HINDUNILVR,2005.25,-3.716418985
18-05-2020,FINANCIAL SERVICES,ICICIBANK,298.5,-11.69945274
18-05-2020,FINANCIAL SERVICES,INDUSINDBK,376.75,-10.94433282
18-05-2020,TELECOM,INFRATEL,207.1,22.90801187
18-05-2020,IT,INFY,663.9,-1.454653407
18-05-2020,OIL & GAS,IOC,71.55,-10.28213166
18-05-2020,CONSUMER GOODS,ITC,164.75,-5.343292157
18-05-2020,METALS,JSWSTEEL,163.25,-0.183430144
18-05-2020,FINANCIAL SERVICES,KOTAKBANK,1113.65,-12.84629833
18-05-2020,CONSTRUCTION,LT,813.35,-4.384882149
18-05-2020,AUTOMOBILE,M&M,377.2,5.643467301
18-05-2020,AUTOMOBILE,MARUTI,4720.95,-3.383951047
18-05-2020,CONSUMER GOODS,NESTLEIND,16240.35,-6.966479439
18-05-2020,POWER,NTPC,88.9,-2.788408967
18-05-2020,OIL & GAS,ONGC,72.9,-4.768125408
18-05-2020,POWER,POWERGRID,154.5,-2.860735618
18-05-2020,OIL & GAS,RELIANCE,1440.75,0.386705686
18-05-2020,FINANCIAL SERVICES,SBIN,155.3,-13.16745876
18-05-2020,CEMENT & CEMENT PRODUCTS,SHREECEM,18152.7,-2.535838926
18-05-2020,PHARMA,SUNPHARMA,440.7,-5.317434741
18-05-2020,AUTOMOBILE,TATAMOTORS,80.65,-3.873659118
18-05-2020,METALS,TATASTEEL,266.6,-2.558479532
18-05-2020,IT,TCS,1945.6,0.784791111
18-05-2020,IT,TECHM,504.05,0.318439646
18-05-2020,CONSUMER GOODS,TITAN,817.3,-8.359028985
18-05-2020,CEMENT & CEMENT PRODUCTS,ULTRACEMCO,3307.8,-1.188911459
18-05-2020,FERTILISERS & PESTICIDES,UPL,375.8,-2.490918526
18-05-2020,METALS,VEDL,92.5,15.69731082
18-05-2020,IT,WIPRO,182.2,-4.130491976
18-05-2020,MEDIA & ENTERTAINMENT,ZEEL,149.5,2.117486339
19-05-2020,SERVICES,ADANIPORTS,319.2,19.84231275
19-05-2020,CONSUMER GOODS,ASIANPAINT,1503.95,-10.30832538
19-05-2020,FINANCIAL SERVICES,AXISBANK,354.5,-11.99106256
19-05-2020,AUTOMOBILE,BAJAJ-AUTO,2509.3,2.749626354
19-05-2020,FINANCIAL SERVICES,BAJAJFINSV,4535.45,-4.764454524
19-05-2020,FINANCIAL SERVICES,BAJFINANCE,1964.95,-5.515351141
19-05-2020,TELECOM,BHARTIARTL,598.8,12.45070423
19-05-2020,OIL & GAS,BPCL,293.3,-15.69416499
19-05-2020,CONSUMER GOODS,BRITANNIA,3104,0.357264101
19-05-2020,PHARMA,CIPLA,594.95,-2.762114897
19-05-2020,METALS,COALINDIA,123.6,-13.14125088
19-05-2020,PHARMA,DRREDDY,3699.6,-6.077684692
19-05-2020,AUTOMOBILE,EICHERMOT,12966.2,-5.692133132
19-05-2020,OIL & GAS,GAIL,81.85,-12.45989305
19-05-2020,CEMENT & CEMENT PRODUCTS,GRASIM,511.85,6.846884459
19-05-2020,IT,HCLTECH,518.25,0.777831794
19-05-2020,FINANCIAL SERVICES,HDFC,1539.85,-10.69968394
19-05-2020,FINANCIAL SERVICES,HDFCBANK,830.65,-10.00541712
19-05-2020,AUTOMOBILE,HEROMOTOCO,2073.5,3.638726446
19-05-2020,METALS,HINDALCO,117.3,1.207937877
19-05-2020,CONSUMER GOODS,HINDUNILVR,1975.55,-5.142486736
19-05-2020,FINANCIAL SERVICES,ICICIBANK,300.3,-11.16698713
19-05-2020,FINANCIAL SERVICES,INDUSINDBK,367.8,-13.059922
19-05-2020,TELECOM,INFRATEL,218.75,29.82195846
19-05-2020,IT,INFY,668.6,-0.757013507
19-05-2020,OIL & GAS,IOC,72.05,-9.655172414
19-05-2020,CONSUMER GOODS,ITC,170.75,-1.896006895
19-05-2020,METALS,JSWSTEEL,169.3,3.515744421
19-05-2020,FINANCIAL SERVICES,KOTAKBANK,1130.45,-11.53153858
19-05-2020,CONSTRUCTION,LT,796.35,-6.383353906
19-05-2020,AUTOMOBILE,M&M,382.9,7.239882369
19-05-2020,AUTOMOBILE,MARUTI,4805.3,-1.657696007
19-05-2020,CONSUMER GOODS,NESTLEIND,16150.3,-7.48233461
19-05-2020,POWER,NTPC,91.05,-0.437397485
19-05-2020,OIL & GAS,ONGC,77.15,0.783801437
19-05-2020,POWER,POWERGRID,158.05,-0.628733103
19-05-2020,OIL & GAS,RELIANCE,1408.9,-1.832497213
19-05-2020,FINANCIAL SERVICES,SBIN,152.8,-14.56527817
19-05-2020,CEMENT & CEMENT PRODUCTS,SHREECEM,18340.75,-1.526174497
19-05-2020,PHARMA,SUNPHARMA,441.7,-5.102588892
19-05-2020,AUTOMOBILE,TATAMOTORS,81.8,-2.502979738
19-05-2020,METALS,TATASTEEL,272,-0.584795322
19-05-2020,IT,TCS,1948.65,0.942785361
19-05-2020,IT,TECHM,512.6,2.020101503
19-05-2020,CONSUMER GOODS,TITAN,826.8,-7.293827437
19-05-2020,CEMENT & CEMENT PRODUCTS,ULTRACEMCO,3438.15,2.70492293
19-05-2020,FERTILISERS & PESTICIDES,UPL,339.65,-11.8707836
19-05-2020,METALS,VEDL,90,12.57035647
19-05-2020,IT,WIPRO,184.4,-2.972901868
19-05-2020,MEDIA & ENTERTAINMENT,ZEEL,150.25,2.629781421
20-05-2020,SERVICES,ADANIPORTS,323.75,21.55059133
20-05-2020,CONSUMER GOODS,ASIANPAINT,1500.05,-10.54091126
20-05-2020,FINANCIAL SERVICES,AXISBANK,362.5,-10.00496524
20-05-2020,AUTOMOBILE,BAJAJ-AUTO,2557.75,4.733533976
20-05-2020,FINANCIAL SERVICES,BAJAJFINSV,4702.05,-1.266181612
20-05-2020,FINANCIAL SERVICES,BAJFINANCE,2042.8,-1.771932777
20-05-2020,TELECOM,BHARTIARTL,594.05,11.55868545
20-05-2020,OIL & GAS,BPCL,308.9,-11.21011785
20-05-2020,CONSUMER GOODS,BRITANNIA,3127.85,1.128372589
20-05-2020,PHARMA,CIPLA,620.65,1.438261012
20-05-2020,METALS,COALINDIA,123.25,-13.38721012
20-05-2020,PHARMA,DRREDDY,3910.2,-0.731150038
20-05-2020,AUTOMOBILE,EICHERMOT,13675.1,-0.536046782
20-05-2020,OIL & GAS,GAIL,86.25,-7.754010695
20-05-2020,CEMENT & CEMENT PRODUCTS,GRASIM,536.85,12.06554639
20-05-2020,IT,HCLTECH,526.75,2.430724356
20-05-2020,FINANCIAL SERVICES,HDFC,1627,-5.645605591
20-05-2020,FINANCIAL SERVICES,HDFCBANK,857.1,-7.139761647
20-05-2020,AUTOMOBILE,HEROMOTOCO,2023.6,1.14459939
20-05-2020,METALS,HINDALCO,120.8,4.227782571
20-05-2020,CONSUMER GOODS,HINDUNILVR,1990.85,-4.407845773
20-05-2020,FINANCIAL SERVICES,ICICIBANK,305.65,-9.584381009
20-05-2020,FINANCIAL SERVICES,INDUSINDBK,357.3,-15.54189812
20-05-2020,TELECOM,INFRATEL,200.85,19.19881306
20-05-2020,IT,INFY,669.55,-0.616001187
20-05-2020,OIL & GAS,IOC,74.1,-7.084639498
20-05-2020,CONSUMER GOODS,ITC,175.75,0.976730824
20-05-2020,METALS,JSWSTEEL,171.05,4.585753592
20-05-2020,FINANCIAL SERVICES,KOTAKBANK,1160.1,-9.211144154
20-05-2020,CONSTRUCTION,LT,835,-1.839769588
20-05-2020,AUTOMOBILE,M&M,405.05,13.44349531
20-05-2020,AUTOMOBILE,MARUTI,4891.95,0.115629413
20-05-2020,CONSUMER GOODS,NESTLEIND,16303.4,-6.605294891
20-05-2020,POWER,NTPC,92.9,1.585565883
20-05-2020,OIL & GAS,ONGC,78,1.894186806
20-05-2020,POWER,POWERGRID,158.45,-0.377239862
20-05-2020,OIL & GAS,RELIANCE,1433.7,-0.10451505
20-05-2020,FINANCIAL SERVICES,SBIN,153.4,-14.22980151
20-05-2020,CEMENT & CEMENT PRODUCTS,SHREECEM,19411.65,4.223624161
20-05-2020,PHARMA,SUNPHARMA,455.75,-2.084004727
20-05-2020,AUTOMOBILE,TATAMOTORS,83.45,-0.536352801
20-05-2020,METALS,TATASTEEL,283.2,3.50877193
20-05-2020,IT,TCS,1953.6,1.199202259
20-05-2020,IT,TECHM,519.2,3.333665041
20-05-2020,CONSUMER GOODS,TITAN,848.7,-4.838257555
20-05-2020,CEMENT & CEMENT PRODUCTS,ULTRACEMCO,3528.5,5.40387143
20-05-2020,FERTILISERS & PESTICIDES,UPL,356.55,-7.485729113
20-05-2020,METALS,VEDL,88.55,10.75672295
20-05-2020,IT,WIPRO,184.95,-2.683504341
20-05-2020,MEDIA & ENTERTAINMENT,ZEEL,153.55,4.883879781
21-05-2020,SERVICES,ADANIPORTS,317.15,19.07264877
21-05-2020,CONSUMER GOODS,ASIANPAINT,1574.3,-6.112833969
21-05-2020,FINANCIAL SERVICES,AXISBANK,357.2,-11.32075472
21-05-2020,AUTOMOBILE,BAJAJ-AUTO,2640.35,8.115799603
21-05-2020,FINANCIAL SERVICES,BAJAJFINSV,4539.2,-4.685711886
21-05-2020,FINANCIAL SERVICES,BAJFINANCE,1990.2,-4.30120453
21-05-2020,TELECOM,BHARTIARTL,594.55,11.65258216
21-05-2020,OIL & GAS,BPCL,313.2,-9.974130497
21-05-2020,CONSUMER GOODS,BRITANNIA,3110.95,0.581968671
21-05-2020,PHARMA,CIPLA,616.6,0.776334069
21-05-2020,METALS,COALINDIA,124.5,-12.50878426
21-05-2020,PHARMA,DRREDDY,3847.5,-2.3229246
21-05-2020,AUTOMOBILE,EICHERMOT,14087.6,2.464215059
21-05-2020,OIL & GAS,GAIL,87.95,-5.935828877
21-05-2020,CEMENT & CEMENT PRODUCTS,GRASIM,526.95,9.998956268
21-05-2020,IT,HCLTECH,534.85,4.005833738
21-05-2020,FINANCIAL SERVICES,HDFC,1597.3,-7.367993737
21-05-2020,FINANCIAL SERVICES,HDFCBANK,859.55,-6.87432286
21-05-2020,AUTOMOBILE,HEROMOTOCO,2119.5,5.937921727
21-05-2020,METALS,HINDALCO,129.5,11.73425367
21-05-2020,CONSUMER GOODS,HINDUNILVR,1970.9,-5.365759969
21-05-2020,FINANCIAL SERVICES,ICICIBANK,304.4,-9.954148795
21-05-2020,FINANCIAL SERVICES,INDUSINDBK,346.8,-18.02387425
21-05-2020,TELECOM,INFRATEL,205.85,22.16617211
21-05-2020,IT,INFY,672.2,-0.222651032
21-05-2020,OIL & GAS,IOC,74.45,-6.645768025
21-05-2020,CONSUMER GOODS,ITC,188.95,8.560758403
21-05-2020,METALS,JSWSTEEL,169.9,3.882604708
21-05-2020,FINANCIAL SERVICES,KOTAKBANK,1150.25,-9.982000313
21-05-2020,CONSTRUCTION,LT,820.5,-3.544348439
21-05-2020,AUTOMOBILE,M&M,408.3,14.35373197
21-05-2020,AUTOMOBILE,MARUTI,5050.1,3.352229703
21-05-2020,CONSUMER GOODS,NESTLEIND,16295.45,-6.650836797
21-05-2020,POWER,NTPC,90.25,-1.312192455
21-05-2020,OIL & GAS,ONGC,77,0.587851078
21-05-2020,POWER,POWERGRID,158.9,-0.094309965
21-05-2020,OIL & GAS,RELIANCE,1441.25,0.421544036
21-05-2020,FINANCIAL SERVICES,SBIN,151.95,-15.04053676
21-05-2020,CEMENT & CEMENT PRODUCTS,SHREECEM,19251.15,3.361879195
21-05-2020,PHARMA,SUNPHARMA,466.45,0.214845848
21-05-2020,AUTOMOBILE,TATAMOTORS,84.1,0.238379023
21-05-2020,METALS,TATASTEEL,283.7,3.691520468
21-05-2020,IT,TCS,1991.2,3.146934653
21-05-2020,IT,TECHM,520.05,3.502836103
21-05-2020,CONSUMER GOODS,TITAN,849.85,-4.709312104
21-05-2020,CEMENT & CEMENT PRODUCTS,ULTRACEMCO,3571.5,6.68837376
21-05-2020,FERTILISERS & PESTICIDES,UPL,366.8,-4.826154645
21-05-2020,METALS,VEDL,90.2,12.82051282
21-05-2020,IT,WIPRO,189.1,-0.499868456
21-05-2020,MEDIA & ENTERTAINMENT,ZEEL,153.95,5.157103825
22-05-2020,SERVICES,ADANIPORTS,310.6,16.61347851
22-05-2020,CONSUMER GOODS,ASIANPAINT,1617.9,-3.51264313
22-05-2020,FINANCIAL SERVICES,AXISBANK,336.95,-16.34806356
22-05-2020,AUTOMOBILE,BAJAJ-AUTO,2553.75,4.569743873
22-05-2020,FINANCIAL SERVICES,BAJAJFINSV,4315.55,-9.38192279
22-05-2020,FINANCIAL SERVICES,BAJFINANCE,1895.3,-8.864472387
22-05-2020,TELECOM,BHARTIARTL,593.2,11.39906103
22-05-2020,OIL & GAS,BPCL,315.2,-9.399252659
22-05-2020,CONSUMER GOODS,BRITANNIA,3167.1,2.397387607
22-05-2020,PHARMA,CIPLA,639.35,4.494565662
22-05-2020,METALS,COALINDIA,125.2,-12.01686578
22-05-2020,PHARMA,DRREDDY,3892.85,-1.171617162
22-05-2020,AUTOMOBILE,EICHERMOT,13922.4,1.26265565
22-05-2020,OIL & GAS,GAIL,87.2,-6.737967914
22-05-2020,CEMENT & CEMENT PRODUCTS,GRASIM,532.35,11.12618725
22-05-2020,IT,HCLTECH,530.4,3.140495868
22-05-2020,FINANCIAL SERVICES,HDFC,1516.15,-12.07411488
22-05-2020,FINANCIAL SERVICES,HDFCBANK,838.85,-9.117009751
22-05-2020,AUTOMOBILE,HEROMOTOCO,2150.6,7.492377668
22-05-2020,METALS,HINDALCO,124.85,7.722174288
22-05-2020,CONSUMER GOODS,HINDUNILVR,1987.9,-4.549492233
22-05-2020,FINANCIAL SERVICES,ICICIBANK,291.05,-13.90326875
22-05-2020,FINANCIAL SERVICES,INDUSINDBK,338.35,-20.02127408
22-05-2020,TELECOM,INFRATEL,207.5,23.14540059
22-05-2020,IT,INFY,692.35,2.768294493
22-05-2020,OIL & GAS,IOC,75.5,-5.329153605
22-05-2020,CONSUMER GOODS,ITC,186.35,7.066934789
22-05-2020,METALS,JSWSTEEL,166.15,1.589727912
22-05-2020,FINANCIAL SERVICES,KOTAKBANK,1160.2,-9.203318203
22-05-2020,CONSTRUCTION,LT,815.7,-4.108622818
22-05-2020,AUTOMOBILE,M&M,426.35,19.40904635
22-05-2020,AUTOMOBILE,MARUTI,5134.3,5.075414936
22-05-2020,CONSUMER GOODS,NESTLEIND,16215.15,-7.110838687
22-05-2020,POWER,NTPC,90.95,-0.546746856
22-05-2020,OIL & GAS,ONGC,76.15,-0.522534291
22-05-2020,POWER,POWERGRID,155.85,-2.011945929
22-05-2020,OIL & GAS,RELIANCE,1431.55,-0.254319955
22-05-2020,FINANCIAL SERVICES,SBIN,150.85,-15.6555773
22-05-2020,CEMENT & CEMENT PRODUCTS,SHREECEM,19910.25,6.900671141
22-05-2020,PHARMA,SUNPHARMA,469.4,0.8486411
22-05-2020,AUTOMOBILE,TATAMOTORS,82.8,-1.311084625
22-05-2020,METALS,TATASTEEL,274.45,0.310672515
22-05-2020,IT,TCS,2020.35,4.656945272
22-05-2020,IT,TECHM,529.65,5.413473978
22-05-2020,CONSUMER GOODS,TITAN,849.65,-4.7317374
22-05-2020,CEMENT & CEMENT PRODUCTS,ULTRACEMCO,3638.95,8.70325009
22-05-2020,FERTILISERS & PESTICIDES,UPL,371.15,-3.697457187
22-05-2020,METALS,VEDL,89.1,11.44465291
22-05-2020,IT,WIPRO,189,-0.552486188
22-05-2020,MEDIA & ENTERTAINMENT,ZEEL,163.25,11.50956284
26-05-2020,SERVICES,ADANIPORTS,315.6,18.49070772
26-05-2020,CONSUMER GOODS,ASIANPAINT,1629.85,-2.799976145
26-05-2020,FINANCIAL SERVICES,AXISBANK,341.3,-15.26812314
26-05-2020,AUTOMOBILE,BAJAJ-AUTO,2564.85,5.024261409
26-05-2020,FINANCIAL SERVICES,BAJAJFINSV,4097.25,-13.9657942
26-05-2020,FINANCIAL SERVICES,BAJFINANCE,1829,-12.05250884
26-05-2020,TELECOM,BHARTIARTL,559.25,5.023474178
26-05-2020,OIL & GAS,BPCL,313.15,-9.988502443
26-05-2020,CONSUMER GOODS,BRITANNIA,3163.85,2.292309931
26-05-2020,PHARMA,CIPLA,627.7,2.590504209
26-05-2020,METALS,COALINDIA,127.25,-10.57624736
26-05-2020,PHARMA,DRREDDY,3864.3,-1.896420411
26-05-2020,AUTOMOBILE,EICHERMOT,14805.1,7.682852322
26-05-2020,OIL & GAS,GAIL,88.15,-5.721925134
26-05-2020,CEMENT & CEMENT PRODUCTS,GRASIM,532.65,11.18881119
26-05-2020,IT,HCLTECH,524,1.895964998
26-05-2020,FINANCIAL SERVICES,HDFC,1502.15,-12.88601502
26-05-2020,FINANCIAL SERVICES,HDFCBANK,852.4,-7.648970748
26-05-2020,AUTOMOBILE,HEROMOTOCO,2113.65,5.645524067
26-05-2020,METALS,HINDALCO,129.1,11.38912856
26-05-2020,CONSUMER GOODS,HINDUNILVR,1977.8,-5.0344513
26-05-2020,FINANCIAL SERVICES,ICICIBANK,292.7,-13.41517527
26-05-2020,FINANCIAL SERVICES,INDUSINDBK,348.2,-17.6929441
26-05-2020,TELECOM,INFRATEL,208.15,23.53115727
26-05-2020,IT,INFY,680.55,1.016773044
26-05-2020,OIL & GAS,IOC,77.15,-3.260188088
26-05-2020,CONSUMER GOODS,ITC,191.7,10.14076415
26-05-2020,METALS,JSWSTEEL,176.25,7.765209416
26-05-2020,FINANCIAL SERVICES,KOTAKBANK,1153.2,-9.751134763
26-05-2020,CONSTRUCTION,LT,825.55,-2.95068477
26-05-2020,AUTOMOBILE,M&M,429.15,20.19325025
26-05-2020,AUTOMOBILE,MARUTI,5246.15,7.364468002
26-05-2020,CONSUMER GOODS,NESTLEIND,16655.15,-4.590280383
26-05-2020,POWER,NTPC,93,1.694915254
26-05-2020,OIL & GAS,ONGC,77,0.587851078
26-05-2020,POWER,POWERGRID,157.35,-1.068846275
26-05-2020,OIL & GAS,RELIANCE,1424.05,-0.776895206
26-05-2020,FINANCIAL SERVICES,SBIN,151.4,-15.34805703
26-05-2020,CEMENT & CEMENT PRODUCTS,SHREECEM,20667.3,10.96536913
26-05-2020,PHARMA,SUNPHARMA,459.15,-1.353528843
26-05-2020,AUTOMOBILE,TATAMOTORS,83.1,-0.953516091
26-05-2020,METALS,TATASTEEL,280.45,2.503654971
26-05-2020,IT,TCS,1943,0.650107488
26-05-2020,IT,TECHM,520.45,3.582446015
26-05-2020,CONSUMER GOODS,TITAN,892.75,0.100913831
26-05-2020,CEMENT & CEMENT PRODUCTS,ULTRACEMCO,3786,13.09594934
26-05-2020,FERTILISERS & PESTICIDES,UPL,367.05,-4.761286975
26-05-2020,METALS,VEDL,87.9,9.943714822
26-05-2020,IT,WIPRO,188.8,-0.657721652
26-05-2020,MEDIA & ENTERTAINMENT,ZEEL,165.2,12.84153005
27-05-2020,SERVICES,ADANIPORTS,326.65,22.63938427
27-05-2020,CONSUMER GOODS,ASIANPAINT,1619.45,-3.420205153
27-05-2020,FINANCIAL SERVICES,AXISBANK,387,-3.922542205
27-05-2020,AUTOMOBILE,BAJAJ-AUTO,2580.55,5.667137563
27-05-2020,FINANCIAL SERVICES,BAJAJFINSV,4258.05,-10.5893099
27-05-2020,FINANCIAL SERVICES,BAJFINANCE,1936.45,-6.885774049
27-05-2020,TELECOM,BHARTIARTL,563.1,5.746478873
27-05-2020,OIL & GAS,BPCL,329.45,-5.30324806
27-05-2020,CONSUMER GOODS,BRITANNIA,3220.3,4.117428345
27-05-2020,PHARMA,CIPLA,633.05,3.464901528
27-05-2020,METALS,COALINDIA,130.8,-8.08151792
27-05-2020,PHARMA,DRREDDY,3883,-1.42168063
27-05-2020,AUTOMOBILE,EICHERMOT,14966.95,8.860045968
27-05-2020,OIL & GAS,GAIL,88.6,-5.240641711
27-05-2020,CEMENT & CEMENT PRODUCTS,GRASIM,566.65,18.28619142
27-05-2020,IT,HCLTECH,530.95,3.247447739
27-05-2020,FINANCIAL SERVICES,HDFC,1570.4,-8.928001856
27-05-2020,FINANCIAL SERVICES,HDFCBANK,903.65,-2.096424702
27-05-2020,AUTOMOBILE,HEROMOTOCO,2175.65,8.744439446
27-05-2020,METALS,HINDALCO,133.3,15.01294219
27-05-2020,CONSUMER GOODS,HINDUNILVR,1998.1,-4.059731592
27-05-2020,FINANCIAL SERVICES,ICICIBANK,318.85,-5.67963319
27-05-2020,FINANCIAL SERVICES,INDUSINDBK,368.95,-12.78808651
27-05-2020,TELECOM,INFRATEL,216.7,28.60534125
27-05-2020,IT,INFY,705.45,4.712780169
27-05-2020,OIL & GAS,IOC,77.55,-2.75862069
27-05-2020,CONSUMER GOODS,ITC,192.15,10.39931054
27-05-2020,METALS,JSWSTEEL,184.8,12.99296851
27-05-2020,FINANCIAL SERVICES,KOTAKBANK,1217.55,-4.715135389
27-05-2020,CONSTRUCTION,LT,850.85,0.023511432
27-05-2020,AUTOMOBILE,M&M,432.5,21.13149419
27-05-2020,AUTOMOBILE,MARUTI,5244.4,7.328653582
27-05-2020,CONSUMER GOODS,NESTLEIND,16716.5,-4.238834356
27-05-2020,POWER,NTPC,94.7,3.553854565
27-05-2020,OIL & GAS,ONGC,77.95,1.82887002
27-05-2020,POWER,POWERGRID,157.15,-1.194592895
27-05-2020,OIL & GAS,RELIANCE,1445.55,0.721153846
27-05-2020,FINANCIAL SERVICES,SBIN,158.6,-11.32233715
27-05-2020,CEMENT & CEMENT PRODUCTS,SHREECEM,20477.55,9.946577181
27-05-2020,PHARMA,SUNPHARMA,450.9,-3.12600709
27-05-2020,AUTOMOBILE,TATAMOTORS,84.55,0.774731824
27-05-2020,METALS,TATASTEEL,287.95,5.244883041
27-05-2020,IT,TCS,2005.3,3.8773343
27-05-2020,IT,TECHM,523.75,4.239227784
27-05-2020,CONSUMER GOODS,TITAN,885.85,-0.672758872
27-05-2020,CEMENT & CEMENT PRODUCTS,ULTRACEMCO,3727.4,11.34544151
27-05-2020,FERTILISERS & PESTICIDES,UPL,387.8,0.622729632
27-05-2020,METALS,VEDL,87.9,9.943714822
27-05-2020,IT,WIPRO,201.25,5.893186004
27-05-2020,MEDIA & ENTERTAINMENT,ZEEL,164.45,12.32923497
28-05-2020,SERVICES,ADANIPORTS,331.8,24.57293035
28-05-2020,CONSUMER GOODS,ASIANPAINT,1643.6,-1.979961832
28-05-2020,FINANCIAL SERVICES,AXISBANK,390.95,-2.941906653
28-05-2020,AUTOMOBILE,BAJAJ-AUTO,2600,6.463566939
28-05-2020,FINANCIAL SERVICES,BAJAJFINSV,4285.95,-10.00346468
28-05-2020,FINANCIAL SERVICES,BAJFINANCE,1947.7,-6.344817638
28-05-2020,TELECOM,BHARTIARTL,562.75,5.680751174
28-05-2020,OIL & GAS,BPCL,326.45,-6.165564817
28-05-2020,CONSUMER GOODS,BRITANNIA,3323.25,7.445965826
28-05-2020,PHARMA,CIPLA,628.35,2.696739397
28-05-2020,METALS,COALINDIA,133.9,-5.903021785
28-05-2020,PHARMA,DRREDDY,3887.75,-1.301091648
28-05-2020,AUTOMOBILE,EICHERMOT,16236.5,18.09394274
28-05-2020,OIL & GAS,GAIL,89.1,-4.705882353
28-05-2020,CEMENT & CEMENT PRODUCTS,GRASIM,576.5,20.34234422
28-05-2020,IT,HCLTECH,542.65,5.522605737
28-05-2020,FINANCIAL SERVICES,HDFC,1623.7,-5.836982051
28-05-2020,FINANCIAL SERVICES,HDFCBANK,945.25,2.410617551
28-05-2020,AUTOMOBILE,HEROMOTOCO,2298.1,14.86479732
28-05-2020,METALS,HINDALCO,138.4,19.41328732
28-05-2020,CONSUMER GOODS,HINDUNILVR,2009.95,-3.490744964
28-05-2020,FINANCIAL SERVICES,ICICIBANK,326.85,-3.313119361
28-05-2020,FINANCIAL SERVICES,INDUSINDBK,386.85,-8.556908167
28-05-2020,TELECOM,INFRATEL,223.85,32.84866469
28-05-2020,IT,INFY,707.4,5.00222651
28-05-2020,OIL & GAS,IOC,77.7,-2.570532915
28-05-2020,CONSUMER GOODS,ITC,190.65,9.537489227
28-05-2020,METALS,JSWSTEEL,184.15,12.59553653
28-05-2020,FINANCIAL SERVICES,KOTAKBANK,1229.45,-3.783847237
28-05-2020,CONSTRUCTION,LT,905.5,6.448010345
28-05-2020,AUTOMOBILE,M&M,440.4,23.34406946
28-05-2020,AUTOMOBILE,MARUTI,5468.35,11.91187606
28-05-2020,CONSUMER GOODS,NESTLEIND,16989.15,-2.676947489
28-05-2020,POWER,NTPC,95.7,4.647348278
28-05-2020,OIL & GAS,ONGC,78.85,3.004572175
28-05-2020,POWER,POWERGRID,157.25,-1.131719585
28-05-2020,OIL & GAS,RELIANCE,1472.25,2.581521739
28-05-2020,FINANCIAL SERVICES,SBIN,158.2,-11.54598826
28-05-2020,CEMENT & CEMENT PRODUCTS,SHREECEM,20808.9,11.72563758
28-05-2020,PHARMA,SUNPHARMA,459.1,-1.364271135
28-05-2020,AUTOMOBILE,TATAMOTORS,87,3.694874851
28-05-2020,METALS,TATASTEEL,295.5,8.004385965
28-05-2020,IT,TCS,2004.3,3.825532907
28-05-2020,IT,TECHM,529.7,5.423425216
28-05-2020,CONSUMER GOODS,TITAN,899.45,0.852161238
28-05-2020,CEMENT & CEMENT PRODUCTS,ULTRACEMCO,3809.2,13.78898315
28-05-2020,FERTILISERS & PESTICIDES,UPL,391.1,1.478982875
28-05-2020,METALS,VEDL,89.95,12.50781739
28-05-2020,IT,WIPRO,199.35,4.893449092
28-05-2020,MEDIA & ENTERTAINMENT,ZEEL,180.7,23.42896175
29-05-2020,SERVICES,ADANIPORTS,323.8,21.56936362
29-05-2020,CONSUMER GOODS,ASIANPAINT,1683.1,0.375715649
29-05-2020,FINANCIAL SERVICES,AXISBANK,384.95,-4.431479643
29-05-2020,AUTOMOBILE,BAJAJ-AUTO,2710.5,10.98826853
29-05-2020,FINANCIAL SERVICES,BAJAJFINSV,4404.9,-7.505748213
29-05-2020,FINANCIAL SERVICES,BAJFINANCE,1953.65,-6.058711802
29-05-2020,TELECOM,BHARTIARTL,552.6,3.774647887
29-05-2020,OIL & GAS,BPCL,342.8,-1.465938488
29-05-2020,CONSUMER GOODS,BRITANNIA,3378.85,9.243602386
29-05-2020,PHARMA,CIPLA,648.15,5.932826673
29-05-2020,METALS,COALINDIA,141.3,-0.702740689
29-05-2020,PHARMA,DRREDDY,4071.25,3.35745113
29-05-2020,AUTOMOBILE,EICHERMOT,16548.45,20.36286803
29-05-2020,OIL & GAS,GAIL,92.35,-1.229946524
29-05-2020,CEMENT & CEMENT PRODUCTS,GRASIM,589.2,22.99342449
29-05-2020,IT,HCLTECH,550.25,7.000486145
29-05-2020,FINANCIAL SERVICES,HDFC,1658.9,-3.795633137
29-05-2020,FINANCIAL SERVICES,HDFCBANK,951.65,3.104008667
29-05-2020,AUTOMOBILE,HEROMOTOCO,2360.85,18.00119958
29-05-2020,METALS,HINDALCO,138.85,19.80155306
29-05-2020,CONSUMER GOODS,HINDUNILVR,2057.35,-1.214798454
29-05-2020,FINANCIAL SERVICES,ICICIBANK,331.95,-1.804466795
29-05-2020,FINANCIAL SERVICES,INDUSINDBK,393.65,-6.949533152
29-05-2020,TELECOM,INFRATEL,229.95,36.46884273
29-05-2020,IT,INFY,691,2.567908565
29-05-2020,OIL & GAS,IOC,83.2,4.326018809
29-05-2020,CONSUMER GOODS,ITC,197.35,13.38695777
29-05-2020,METALS,JSWSTEEL,184.2,12.62610822
29-05-2020,FINANCIAL SERVICES,KOTAKBANK,1224,-4.210361559
29-05-2020,CONSTRUCTION,LT,932.25,9.592664433
29-05-2020,AUTOMOBILE,M&M,436.35,22.20977454
29-05-2020,AUTOMOBILE,MARUTI,5610.8,14.82716984
29-05-2020,CONSUMER GOODS,NESTLEIND,17540.8,0.483202484
29-05-2020,POWER,NTPC,97.85,6.998359759
29-05-2020,OIL & GAS,ONGC,83.2,8.687132593
29-05-2020,POWER,POWERGRID,157.55,-0.943099654
29-05-2020,OIL & GAS,RELIANCE,1464.4,2.034559643
29-05-2020,FINANCIAL SERVICES,SBIN,161.3,-9.8126922
29-05-2020,CEMENT & CEMENT PRODUCTS,SHREECEM,20857.3,11.98550336
29-05-2020,PHARMA,SUNPHARMA,474.25,1.890643463
29-05-2020,AUTOMOBILE,TATAMOTORS,87,3.694874851
29-05-2020,METALS,TATASTEEL,295.2,7.894736842
29-05-2020,IT,TCS,1972.35,2.170478386
29-05-2020,IT,TECHM,530.45,5.5726938
29-05-2020,CONSUMER GOODS,TITAN,890,-0.207433986
29-05-2020,CEMENT & CEMENT PRODUCTS,ULTRACEMCO,3904.85,16.64625403
29-05-2020,FERTILISERS & PESTICIDES,UPL,405.85,5.306175402
29-05-2020,METALS,VEDL,92.2,15.3220763
29-05-2020,IT,WIPRO,212.8,11.97053407
29-05-2020,MEDIA & ENTERTAINMENT,ZEEL,183.55,25.37568306
