Date,Ticker,Sector,Close,Return
01-06-2020,ADANIPORTS,SERVICES,329.35,0
01-06-2020,ASIANPAINT,CONSUMER GOODS,1693.25,0
01-06-2020,AXISBANK,FINANCIAL SERVICES,396.95,0
01-06-2020,BAJAJ-AUTO,AUTOMOBILE,2758.3,0
01-06-2020,BAJAJFINSV,FINANCIAL SERVICES,4763.2,0
01-06-2020,BAJFINANCE,FINANCIAL SERVICES,2160.85,0
01-06-2020,BHARTIARTL,TELECOM,559.05,0
01-06-2020,BPCL,OIL & GAS,346.3,0
01-06-2020,BRITANNIA,CONSUMER GOODS,3434.85,0
01-06-2020,CIPLA,PHARMA,642.5,0
01-06-2020,COALINDIA,METALS,148.55,0
01-06-2020,DRREDDY,PHARMA,3953.55,0
01-06-2020,EICHERMOT,AUTOMOBILE,16985.75,0
01-06-2020,GAIL,OIL & GAS,91.95,0
01-06-2020,GRASIM,CEMENT & CEMENT PRODUCTS,583.5,0
01-06-2020,HCLTECH,IT,559.75,0
01-06-2020,HDFC,FINANCIAL SERVICES,1737.7,0
01-06-2020,HDFCBANK,FINANCIAL SERVICES,987.65,0
01-06-2020,HEROMOTOCO,AUTOMOBILE,2326.3,0
01-06-2020,HINDALCO,METALS,139.15,0
01-06-2020,HINDUNILVR,CONSUMER GOODS,2108.55,0
01-06-2020,ICICIBANK,FINANCIAL SERVICES,339.25,0
01-06-2020,INDUSINDBK,FINANCIAL SERVICES,410.1,0
01-06-2020,INFRATEL,TELECOM,224.25,0
01-06-2020,INFY,IT,699.55,0
01-06-2020,IOC,OIL & GAS,86.15,0
01-06-2020,ITC,CONSUMER GOODS,200.55,0
01-06-2020,JSWSTEEL,METALS,193.95,0
01-06-2020,KOTAKBANK,FINANCIAL SERVICES,1248.4,0
01-06-2020,LT,CONSTRUCTION,928.15,0
01-06-2020,M&M,AUTOMOBILE,461.1,0
01-06-2020,MARUTI,AUTOMOBILE,5793.6,0
01-06-2020,NESTLEIND,CONSUMER GOODS,17183.45,0
01-06-2020,NTPC,POWER,97.9,0
01-06-2020,ONGC,OIL & GAS,83.95,0
01-06-2020,POWERGRID,POWER,158.85,0
01-06-2020,RELIANCE,OIL & GAS,1520.35,0
01-06-2020,SBIN,FINANCIAL SERVICES,170.05,0
01-06-2020,SHREECEM,CEMENT & CEMENT PRODUCTS,21069.35,0
01-06-2020,SUNPHARMA,PHARMA,465.4,0
01-06-2020,TATAMOTORS,AUTOMOBILE,89.55,0
01-06-2020,TATASTEEL,METALS,315.2,0
01-06-2020,TCS,IT,2045.25,0
01-06-2020,TECHM,IT,543.55,0
01-06-2020,TITAN,CONSUMER GOODS,958.9,0
01-06-2020,ULTRACEMCO,CEMENT & CEMENT PRODUCTS,3815.7,0
01-06-2020,UPL,FERTILISERS & PESTICIDES,419.3,0
01-06-2020,VEDL,METALS,93.65,0
01-06-2020,WIPRO,IT,215.05,0
01-06-2020,ZEEL,MEDIA & ENTERTAINMENT,185.9,0
02-06-2020,ADANIPORTS,SERVICES,339.95,3.218460604
02-06-2020,ASIANPAINT,CONSUMER GOODS,1709.3,0.947881293
02-06-2020,AXISBANK,FINANCIAL SERVICES,410.1,3.312759793
02-06-2020,BAJAJ-AUTO,AUTOMOBILE,2796.1,1.37040931
02-06-2020,BAJAJFINSV,FINANCIAL SERVICES,5184.7,8.849093047
02-06-2020,BAJFINANCE,FINANCIAL SERVICES,2346.2,8.577643057
02-06-2020,BHARTIARTL,TELECOM,558.1,-0.169931133
02-06-2020,BPCL,OIL & GAS,341.6,-1.357204736
02-06-2020,BRITANNIA,CONSUMER GOODS,3451,0.470180648
02-06-2020,CIPLA,PHARMA,637.6,-0.762645914
02-06-2020,COALINDIA,METALS,143.4,-3.46684618
02-06-2020,DRREDDY,PHARMA,3895.3,-1.473359386
02-06-2020,EICHERMOT,AUTOMOBILE,17396.25,2.416731672
02-06-2020,GAIL,OIL & GAS,96.55,5.002718869
02-06-2020,GRASIM,CEMENT & CEMENT PRODUCTS,596.35,2.202227935
02-06-2020,HCLTECH,IT,560.2,0.080393033
02-06-2020,HDFC,FINANCIAL SERVICES,1813.55,4.364965184
02-06-2020,HDFCBANK,FINANCIAL SERVICES,1001,1.351693414
02-06-2020,HEROMOTOCO,AUTOMOBILE,2318.25,-0.346043073
02-06-2020,HINDALCO,METALS,141.15,1.43729788
02-06-2020,HINDUNILVR,CONSUMER GOODS,2107.4,-0.05453985
02-06-2020,ICICIBANK,FINANCIAL SERVICES,348.4,2.697126013
02-06-2020,INDUSINDBK,FINANCIAL SERVICES,434.7,5.998536942
02-06-2020,INFRATEL,TELECOM,223.25,-0.445930881
02-06-2020,INFY,IT,708.1,1.222214281
02-06-2020,IOC,OIL & GAS,85.8,-0.406268137
02-06-2020,ITC,CONSUMER GOODS,197.25,-1.645474944
02-06-2020,JSWSTEEL,METALS,192.15,-0.928074246
02-06-2020,KOTAKBANK,FINANCIAL SERVICES,1342.9,7.569689202
02-06-2020,LT,CONSTRUCTION,945.45,1.863922857
02-06-2020,M&M,AUTOMOBILE,462.85,0.379527218
02-06-2020,MARUTI,AUTOMOBILE,5690.1,-1.786454018
02-06-2020,NESTLEIND,CONSUMER GOODS,17014.45,-0.983504477
02-06-2020,NTPC,POWER,96.75,-1.174668029
02-06-2020,ONGC,OIL & GAS,84.3,0.41691483
02-06-2020,POWERGRID,POWER,165.05,3.903053195
02-06-2020,RELIANCE,OIL & GAS,1535.7,1.009635939
02-06-2020,SBIN,FINANCIAL SERVICES,170.25,0.117612467
02-06-2020,SHREECEM,CEMENT & CEMENT PRODUCTS,21201,0.624841298
02-06-2020,SUNPHARMA,PHARMA,473.1,1.654490761
02-06-2020,TATAMOTORS,AUTOMOBILE,96.5,7.761027359
02-06-2020,TATASTEEL,METALS,319.4,1.33248731
02-06-2020,TCS,IT,2047.15,0.092898179
02-06-2020,TECHM,IT,547.5,0.726704075
02-06-2020,TITAN,CONSUMER GOODS,976.15,1.798936281
02-06-2020,ULTRACEMCO,CEMENT & CEMENT PRODUCTS,3834.25,0.48614933
02-06-2020,UPL,FERTILISERS & PESTICIDES,424.7,1.28786072
02-06-2020,VEDL,METALS,96.9,3.470368393
02-06-2020,WIPRO,IT,215.85,0.37200651
02-06-2020,ZEEL,MEDIA & ENTERTAINMENT,198.95,7.019903174
03-06-2020,ADANIPORTS,SERVICES,339.55,3.097009261
03-06-2020,ASIANPAINT,CONSUMER GOODS,1716.55,1.376051971
03-06-2020,AXISBANK,FINANCIAL SERVICES,409.55,3.1742033
03-06-2020,BAJAJ-AUTO,AUTOMOBILE,2783.4,0.909980785
03-06-2020,BAJAJFINSV,FINANCIAL SERVICES,5286.05,10.97686429
03-06-2020,BAJFINANCE,FINANCIAL SERVICES,2411.9,11.61811324
03-06-2020,BHARTIARTL,TELECOM,551.65,-1.32367409
03-06-2020,BPCL,OIL & GAS,349.05,0.794109154
03-06-2020,BRITANNIA,CONSUMER GOODS,3510.3,2.196602472
03-06-2020,CIPLA,PHARMA,641.2,-0.20233463
03-06-2020,COALINDIA,METALS,141.7,-4.611242006
03-06-2020,DRREDDY,PHARMA,3962.4,0.223849452
03-06-2020,EICHERMOT,AUTOMOBILE,17542.85,3.279808074
03-06-2020,GAIL,OIL & GAS,96.35,4.785209353
03-06-2020,GRASIM,CEMENT & CEMENT PRODUCTS,597.8,2.450728363
03-06-2020,HCLTECH,IT,562.8,0.54488611
03-06-2020,HDFC,FINANCIAL SERVICES,1835.65,5.636761236
03-06-2020,HDFCBANK,FINANCIAL SERVICES,1022.25,3.503265327
03-06-2020,HEROMOTOCO,AUTOMOBILE,2300.2,-1.121953316
03-06-2020,HINDALCO,METALS,143.35,3.018325548
03-06-2020,HINDUNILVR,CONSUMER GOODS,2120.5,0.566740177
03-06-2020,ICICIBANK,FINANCIAL SERVICES,356.85,5.187914517
03-06-2020,INDUSINDBK,FINANCIAL SERVICES,432.35,5.425505974
03-06-2020,INFRATEL,TELECOM,219,-2.341137124
03-06-2020,INFY,IT,701.55,0.285898077
03-06-2020,IOC,OIL & GAS,87,0.98665119
03-06-2020,ITC,CONSUMER GOODS,196.7,-1.919720768
03-06-2020,JSWSTEEL,METALS,192.7,-0.644496004
03-06-2020,KOTAKBANK,FINANCIAL SERVICES,1386.55,11.06616469
03-06-2020,LT,CONSTRUCTION,961.3,3.571620966
03-06-2020,M&M,AUTOMOBILE,485.1,5.204944697
03-06-2020,MARUTI,AUTOMOBILE,5624,-2.92736813
03-06-2020,NESTLEIND,CONSUMER GOODS,17407.55,1.304161853
03-06-2020,NTPC,POWER,94.7,-3.268641471
03-06-2020,ONGC,OIL & GAS,86.3,2.799285289
03-06-2020,POWERGRID,POWER,164.55,3.58829084
03-06-2020,RELIANCE,OIL & GAS,1541.65,1.400993192
03-06-2020,SBIN,FINANCIAL SERVICES,174.9,2.852102323
03-06-2020,SHREECEM,CEMENT & CEMENT PRODUCTS,21630.1,2.661448977
03-06-2020,SUNPHARMA,PHARMA,476.15,2.309840997
03-06-2020,TATAMOTORS,AUTOMOBILE,98.75,10.27359017
03-06-2020,TATASTEEL,METALS,317.4,0.697969543
03-06-2020,TCS,IT,2046.15,0.0440044
03-06-2020,TECHM,IT,553.25,1.784564437
03-06-2020,TITAN,CONSUMER GOODS,984.35,2.654082803
03-06-2020,ULTRACEMCO,CEMENT & CEMENT PRODUCTS,3855.9,1.053541945
03-06-2020,UPL,FERTILISERS & PESTICIDES,419.1,-0.047698545
03-06-2020,VEDL,METALS,96.7,3.256807261
03-06-2020,WIPRO,IT,211.35,-1.720530109
03-06-2020,ZEEL,MEDIA & ENTERTAINMENT,195.7,5.271651425
04-06-2020,ADANIPORTS,SERVICES,339.2,2.990739335
04-06-2020,ASIANPAINT,CONSUMER GOODS,1633.75,-3.513952458
04-06-2020,AXISBANK,FINANCIAL SERVICES,394.35,-0.654994332
04-06-2020,BAJAJ-AUTO,AUTOMOBILE,2817.25,2.137185948
04-06-2020,BAJAJFINSV,FINANCIAL SERVICES,5136.8,7.843466577
04-06-2020,BAJFINANCE,FINANCIAL SERVICES,2313.05,7.043524539
04-06-2020,BHARTIARTL,TELECOM,572.45,2.396923352
04-06-2020,BPCL,OIL & GAS,357.25,3.161998267
04-06-2020,BRITANNIA,CONSUMER GOODS,3450.35,0.451256969
04-06-2020,CIPLA,PHARMA,660.55,2.809338521
04-06-2020,COALINDIA,METALS,140.25,-5.587344329
04-06-2020,DRREDDY,PHARMA,3998.9,1.147070354
04-06-2020,EICHERMOT,AUTOMOBILE,17272.95,1.690829077
04-06-2020,GAIL,OIL & GAS,97.25,5.764002175
04-06-2020,GRASIM,CEMENT & CEMENT PRODUCTS,605.1,3.701799486
04-06-2020,HCLTECH,IT,578.95,3.430102724
04-06-2020,HDFC,FINANCIAL SERVICES,1764.3,1.530759049
04-06-2020,HDFCBANK,FINANCIAL SERVICES,1001.7,1.422568724
04-06-2020,HEROMOTOCO,AUTOMOBILE,2329.25,0.126810815
04-06-2020,HINDALCO,METALS,142.65,2.51527129
04-06-2020,HINDUNILVR,CONSUMER GOODS,2120.6,0.571482773
04-06-2020,ICICIBANK,FINANCIAL SERVICES,347.85,2.535003685
04-06-2020,INDUSINDBK,FINANCIAL SERVICES,415.05,1.207022677
04-06-2020,INFRATEL,TELECOM,218.9,-2.385730212
04-06-2020,INFY,IT,707.75,1.172182117
04-06-2020,IOC,OIL & GAS,85.9,-0.290191526
04-06-2020,ITC,CONSUMER GOODS,200.15,-0.199451508
04-06-2020,JSWSTEEL,METALS,192,-1.005413766
04-06-2020,KOTAKBANK,FINANCIAL SERVICES,1334.4,6.888817687
04-06-2020,LT,CONSTRUCTION,930.7,0.274740074
04-06-2020,M&M,AUTOMOBILE,478.45,3.762741271
04-06-2020,MARUTI,AUTOMOBILE,5690.2,-1.784727976
04-06-2020,NESTLEIND,CONSUMER GOODS,17196.6,0.076527123
04-06-2020,NTPC,POWER,95.15,-2.808988764
04-06-2020,ONGC,OIL & GAS,84.9,1.131625968
04-06-2020,POWERGRID,POWER,169.25,6.547056972
04-06-2020,RELIANCE,OIL & GAS,1579.8,3.910283816
04-06-2020,SBIN,FINANCIAL SERVICES,174.05,2.352249338
04-06-2020,SHREECEM,CEMENT & CEMENT PRODUCTS,21396.65,1.553441373
04-06-2020,SUNPHARMA,PHARMA,494.85,6.327889987
04-06-2020,TATAMOTORS,AUTOMOBILE,98.5,9.994416527
04-06-2020,TATASTEEL,METALS,319.95,1.506979695
04-06-2020,TCS,IT,2091.55,2.263781934
04-06-2020,TECHM,IT,582.1,7.092263821
04-06-2020,TITAN,CONSUMER GOODS,971.25,1.287934091
04-06-2020,ULTRACEMCO,CEMENT & CEMENT PRODUCTS,3803.9,-0.309248631
04-06-2020,UPL,FERTILISERS & PESTICIDES,422.05,0.655854996
04-06-2020,VEDL,METALS,104.4,11.47891084
04-06-2020,WIPRO,IT,216.25,0.558009765
04-06-2020,ZEEL,MEDIA & ENTERTAINMENT,205.6,10.59709521
05-06-2020,ADANIPORTS,SERVICES,341.15,3.582814635
05-06-2020,ASIANPAINT,CONSUMER GOODS,1638.55,-3.230473941
05-06-2020,AXISBANK,FINANCIAL SERVICES,405.3,2.103539489
05-06-2020,BAJAJ-AUTO,AUTOMOBILE,2776.3,0.652575862
05-06-2020,BAJAJFINSV,FINANCIAL SERVICES,5236.4,9.934497817
05-06-2020,BAJFINANCE,FINANCIAL SERVICES,2390.35,10.62082051
05-06-2020,BHARTIARTL,TELECOM,584.35,4.525534389
05-06-2020,BPCL,OIL & GAS,369.6,6.728270286
05-06-2020,BRITANNIA,CONSUMER GOODS,3466.7,0.927260288
05-06-2020,CIPLA,PHARMA,650.9,1.307392996
05-06-2020,COALINDIA,METALS,144.85,-2.490743857
05-06-2020,DRREDDY,PHARMA,4024.9,1.804707162
05-06-2020,EICHERMOT,AUTOMOBILE,17495.35,3.0001619
05-06-2020,GAIL,OIL & GAS,97.85,6.416530723
05-06-2020,GRASIM,CEMENT & CEMENT PRODUCTS,627.15,7.480719794
05-06-2020,HCLTECH,IT,575.95,2.894149174
05-06-2020,HDFC,FINANCIAL SERVICES,1766.6,1.663117914
05-06-2020,HDFCBANK,FINANCIAL SERVICES,1033.35,4.627145244
05-06-2020,HEROMOTOCO,AUTOMOBILE,2340.65,0.61685939
05-06-2020,HINDALCO,METALS,149.25,7.258354294
05-06-2020,HINDUNILVR,CONSUMER GOODS,2087.6,-0.993573783
05-06-2020,ICICIBANK,FINANCIAL SERVICES,357.2,5.291083272
05-06-2020,INDUSINDBK,FINANCIAL SERVICES,422.35,2.987076323
05-06-2020,INFRATEL,TELECOM,236.25,5.351170569
05-06-2020,INFY,IT,703.55,0.571796155
05-06-2020,IOC,OIL & GAS,89.4,3.772489843
05-06-2020,ITC,CONSUMER GOODS,200,-0.274245824
05-06-2020,JSWSTEEL,METALS,197.05,1.59835009
05-06-2020,KOTAKBANK,FINANCIAL SERVICES,1337.8,7.161166293
05-06-2020,LT,CONSTRUCTION,955.25,2.919786672
05-06-2020,M&M,AUTOMOBILE,484.2,5.009759271
05-06-2020,MARUTI,AUTOMOBILE,5746.2,-0.818144159
05-06-2020,NESTLEIND,CONSUMER GOODS,17096.85,-0.5039733
05-06-2020,NTPC,POWER,97.95,0.051072523
05-06-2020,ONGC,OIL & GAS,86.95,3.573555688
05-06-2020,POWERGRID,POWER,171.45,7.932011331
05-06-2020,RELIANCE,OIL & GAS,1581.7,4.03525504
05-06-2020,SBIN,FINANCIAL SERVICES,187.8,10.43810644
05-06-2020,SHREECEM,CEMENT & CEMENT PRODUCTS,22089.6,4.842342075
05-06-2020,SUNPHARMA,PHARMA,494.25,6.198968629
05-06-2020,TATAMOTORS,AUTOMOBILE,110.75,23.67392518
05-06-2020,TATASTEEL,METALS,338.95,7.534898477
05-06-2020,TCS,IT,2048.25,0.146681335
05-06-2020,TECHM,IT,579.85,6.678318462
05-06-2020,TITAN,CONSUMER GOODS,990.95,3.342371467
05-06-2020,ULTRACEMCO,CEMENT & CEMENT PRODUCTS,3869.55,1.411274471
05-06-2020,UPL,FERTILISERS & PESTICIDES,439.4,4.793703792
05-06-2020,VEDL,METALS,105.3,12.43993593
05-06-2020,WIPRO,IT,218.75,1.720530109
05-06-2020,ZEEL,MEDIA & ENTERTAINMENT,206.2,10.91984938
08-06-2020,ADANIPORTS,SERVICES,343.3,4.235615606
08-06-2020,ASIANPAINT,CONSUMER GOODS,1634.25,-3.484423446
08-06-2020,AXISBANK,FINANCIAL SERVICES,430.25,8.388965865
08-06-2020,BAJAJ-AUTO,AUTOMOBILE,2801.05,1.549867672
08-06-2020,BAJAJFINSV,FINANCIAL SERVICES,5440.95,14.22887974
08-06-2020,BAJFINANCE,FINANCIAL SERVICES,2507.25,16.03072865
08-06-2020,BHARTIARTL,TELECOM,585.15,4.66863429
08-06-2020,BPCL,OIL & GAS,394.1,13.80306093
08-06-2020,BRITANNIA,CONSUMER GOODS,3426.8,-0.23436249
08-06-2020,CIPLA,PHARMA,635.1,-1.151750973
08-06-2020,COALINDIA,METALS,146.7,-1.245371929
08-06-2020,DRREDDY,PHARMA,3967.6,0.355376813
08-06-2020,EICHERMOT,AUTOMOBILE,16894.85,-0.535154468
08-06-2020,GAIL,OIL & GAS,104.75,13.92060903
08-06-2020,GRASIM,CEMENT & CEMENT PRODUCTS,617.15,5.766923736
08-06-2020,HCLTECH,IT,578.25,3.305046896
08-06-2020,HDFC,FINANCIAL SERVICES,1760.8,1.329343385
08-06-2020,HDFCBANK,FINANCIAL SERVICES,1015.9,2.860325014
08-06-2020,HEROMOTOCO,AUTOMOBILE,2384.3,2.493229592
08-06-2020,HINDALCO,METALS,146.35,5.174272368
08-06-2020,HINDUNILVR,CONSUMER GOODS,2111.7,0.149391762
08-06-2020,ICICIBANK,FINANCIAL SERVICES,359.8,6.057479735
08-06-2020,INDUSINDBK,FINANCIAL SERVICES,451.6,10.11948305
08-06-2020,INFRATEL,TELECOM,230.2,2.65328874
08-06-2020,INFY,IT,720.85,3.044814524
08-06-2020,IOC,OIL & GAS,93.1,8.067324434
08-06-2020,ITC,CONSUMER GOODS,197.65,-1.446023436
08-06-2020,JSWSTEEL,METALS,194.95,0.515596803
08-06-2020,KOTAKBANK,FINANCIAL SERVICES,1336.75,7.077058635
08-06-2020,LT,CONSTRUCTION,961.35,3.577008027
08-06-2020,M&M,AUTOMOBILE,470.85,2.114508783
08-06-2020,MARUTI,AUTOMOBILE,5734.8,-1.014913007
08-06-2020,NESTLEIND,CONSUMER GOODS,16836.2,-2.02083982
08-06-2020,NTPC,POWER,98.55,0.663942799
08-06-2020,ONGC,OIL & GAS,90.95,8.338296605
08-06-2020,POWERGRID,POWER,172.35,8.498583569
08-06-2020,RELIANCE,OIL & GAS,1569.5,3.232808235
08-06-2020,SBIN,FINANCIAL SERVICES,186.8,9.850044105
08-06-2020,SHREECEM,CEMENT & CEMENT PRODUCTS,21180.9,0.529442057
08-06-2020,SUNPHARMA,PHARMA,489,5.070906747
08-06-2020,TATAMOTORS,AUTOMOBILE,115.45,28.92238973
08-06-2020,TATASTEEL,METALS,333.6,5.837563452
08-06-2020,TCS,IT,2071.75,1.295685124
08-06-2020,TECHM,IT,590,8.545671971
08-06-2020,TITAN,CONSUMER GOODS,1025,6.893315257
08-06-2020,ULTRACEMCO,CEMENT & CEMENT PRODUCTS,3778.2,-0.982781665
08-06-2020,UPL,FERTILISERS & PESTICIDES,436.8,4.173622705
08-06-2020,VEDL,METALS,105.1,12.2263748
08-06-2020,WIPRO,IT,226.45,5.301092769
08-06-2020,ZEEL,MEDIA & ENTERTAINMENT,197.05,5.997848306
09-06-2020,ADANIPORTS,SERVICES,346.05,5.070593593
09-06-2020,ASIANPAINT,CONSUMER GOODS,1642.05,-3.023770855
09-06-2020,AXISBANK,FINANCIAL SERVICES,420.05,5.819372717
09-06-2020,BAJAJ-AUTO,AUTOMOBILE,2791.15,1.190950948
09-06-2020,BAJAJFINSV,FINANCIAL SERVICES,5310.8,11.49647296
09-06-2020,BAJFINANCE,FINANCIAL SERVICES,2443.6,13.08512854
09-06-2020,BHARTIARTL,TELECOM,567.8,1.565155174
09-06-2020,BPCL,OIL & GAS,381.5,10.16459717
09-06-2020,BRITANNIA,CONSUMER GOODS,3415.7,-0.557520707
09-06-2020,CIPLA,PHARMA,640.05,-0.381322957
09-06-2020,COALINDIA,METALS,144.3,-2.860989566
09-06-2020,DRREDDY,PHARMA,4123.8,4.306256402
09-06-2020,EICHERMOT,AUTOMOBILE,17026.85,0.241967532
09-06-2020,GAIL,OIL & GAS,101.1,9.951060359
09-06-2020,GRASIM,CEMENT & CEMENT PRODUCTS,611.9,4.867180805
09-06-2020,HCLTECH,IT,572.85,2.340330505
09-06-2020,HDFC,FINANCIAL SERVICES,1772.1,1.979628244
09-06-2020,HDFCBANK,FINANCIAL SERVICES,987.3,-0.035437655
09-06-2020,HEROMOTOCO,AUTOMOBILE,2387.3,2.622189743
09-06-2020,HINDALCO,METALS,142.6,2.479338843
09-06-2020,HINDUNILVR,CONSUMER GOODS,2106.5,-0.09722321
09-06-2020,ICICIBANK,FINANCIAL SERVICES,348.55,2.741341194
09-06-2020,INDUSINDBK,FINANCIAL SERVICES,463.9,13.11875152
09-06-2020,INFRATEL,TELECOM,233,3.901895206
09-06-2020,INFY,IT,717.6,2.580230148
09-06-2020,IOC,OIL & GAS,90.65,5.223447475
09-06-2020,ITC,CONSUMER GOODS,198.5,-1.02218898
09-06-2020,JSWSTEEL,METALS,190.05,-2.010827533
09-06-2020,KOTAKBANK,FINANCIAL SERVICES,1304.15,4.465716117
09-06-2020,LT,CONSTRUCTION,953.3,2.709691321
09-06-2020,M&M,AUTOMOBILE,478.75,3.82780308
09-06-2020,MARUTI,AUTOMOBILE,5662.3,-2.266293841
09-06-2020,NESTLEIND,CONSUMER GOODS,16552.55,-3.671556061
09-06-2020,NTPC,POWER,98,0.102145046
09-06-2020,ONGC,OIL & GAS,90,7.206670637
09-06-2020,POWERGRID,POWER,170.55,7.365439093
09-06-2020,RELIANCE,OIL & GAS,1537.15,1.105008715
09-06-2020,SBIN,FINANCIAL SERVICES,184.45,8.468097618
09-06-2020,SHREECEM,CEMENT & CEMENT PRODUCTS,21009.8,-0.28263805
09-06-2020,SUNPHARMA,PHARMA,500.75,7.595616674
09-06-2020,TATAMOTORS,AUTOMOBILE,111.45,24.45561139
09-06-2020,TATASTEEL,METALS,332.2,5.393401015
09-06-2020,TCS,IT,2072.05,1.310353258
09-06-2020,TECHM,IT,586.2,7.846564254
09-06-2020,TITAN,CONSUMER GOODS,997.1,3.983731359
09-06-2020,ULTRACEMCO,CEMENT & CEMENT PRODUCTS,3791.35,-0.638152895
09-06-2020,UPL,FERTILISERS & PESTICIDES,430.6,2.694967803
09-06-2020,VEDL,METALS,104.6,11.69247197
09-06-2020,WIPRO,IT,218.35,1.534526854
09-06-2020,ZEEL,MEDIA & ENTERTAINMENT,192.4,3.496503497
10-06-2020,ADANIPORTS,SERVICES,346.55,5.222407773
10-06-2020,ASIANPAINT,CONSUMER GOODS,1635.95,-3.384024804
10-06-2020,AXISBANK,FINANCIAL SERVICES,427.45,7.683587354
10-06-2020,BAJAJ-AUTO,AUTOMOBILE,2717.2,-1.490048218
10-06-2020,BAJAJFINSV,FINANCIAL SERVICES,5223,9.653174337
10-06-2020,BAJFINANCE,FINANCIAL SERVICES,2435.65,12.71721776
10-06-2020,BHARTIARTL,TELECOM,567.1,1.43994276
10-06-2020,BPCL,OIL & GAS,378.95,9.428241409
10-06-2020,BRITANNIA,CONSUMER GOODS,3377,-1.684207462
10-06-2020,CIPLA,PHARMA,642.95,0.070038911
10-06-2020,COALINDIA,METALS,140.7,-5.284416022
10-06-2020,DRREDDY,PHARMA,4112.5,4.020437328
10-06-2020,EICHERMOT,AUTOMOBILE,17090.05,0.614044125
10-06-2020,GAIL,OIL & GAS,98.1,6.688417618
10-06-2020,GRASIM,CEMENT & CEMENT PRODUCTS,614.75,5.355612682
10-06-2020,HCLTECH,IT,578.7,3.385439929
10-06-2020,HDFC,FINANCIAL SERVICES,1809.3,4.12038902
10-06-2020,HDFCBANK,FINANCIAL SERVICES,991.85,0.42525186
10-06-2020,HEROMOTOCO,AUTOMOBILE,2292.25,-1.463697717
10-06-2020,HINDALCO,METALS,146.95,5.605461732
10-06-2020,HINDUNILVR,CONSUMER GOODS,2119.6,0.524056816
10-06-2020,ICICIBANK,FINANCIAL SERVICES,353,4.053058217
10-06-2020,INDUSINDBK,FINANCIAL SERVICES,499.6,21.82394538
10-06-2020,INFRATEL,TELECOM,232.7,3.768115942
10-06-2020,INFY,IT,715.85,2.33006933
10-06-2020,IOC,OIL & GAS,89.95,4.410911201
10-06-2020,ITC,CONSUMER GOODS,199.05,-0.747943156
10-06-2020,JSWSTEEL,METALS,190.95,-1.54679041
10-06-2020,KOTAKBANK,FINANCIAL SERVICES,1332.25,6.716597244
10-06-2020,LT,CONSTRUCTION,946.55,1.982438183
10-06-2020,M&M,AUTOMOBILE,472.05,2.374756018
10-06-2020,MARUTI,AUTOMOBILE,5675.6,-2.036730185
10-06-2020,NESTLEIND,CONSUMER GOODS,16534.7,-3.775435084
10-06-2020,NTPC,POWER,98.15,0.255362615
10-06-2020,ONGC,OIL & GAS,88.25,5.122096486
10-06-2020,POWERGRID,POWER,170.05,7.050676739
10-06-2020,RELIANCE,OIL & GAS,1572.15,3.407110205
10-06-2020,SBIN,FINANCIAL SERVICES,187.7,10.37930021
10-06-2020,SHREECEM,CEMENT & CEMENT PRODUCTS,21513.3,2.107089208
10-06-2020,SUNPHARMA,PHARMA,499.15,7.251826386
10-06-2020,TATAMOTORS,AUTOMOBILE,111.4,24.39977666
10-06-2020,TATASTEEL,METALS,324,2.791878173
10-06-2020,TCS,IT,2108.75,3.10475492
10-06-2020,TECHM,IT,590.5,8.637659829
10-06-2020,TITAN,CONSUMER GOODS,977.25,1.913651059
10-06-2020,ULTRACEMCO,CEMENT & CEMENT PRODUCTS,3792.45,-0.609324632
10-06-2020,UPL,FERTILISERS & PESTICIDES,425,1.359408538
10-06-2020,VEDL,METALS,106.1,13.29418046
10-06-2020,WIPRO,IT,217,0.906765868
10-06-2020,ZEEL,MEDIA & ENTERTAINMENT,189.8,2.097902098
11-06-2020,ADANIPORTS,SERVICES,338.65,2.823743738
11-06-2020,ASIANPAINT,CONSUMER GOODS,1610.6,-4.881145726
11-06-2020,AXISBANK,FINANCIAL SERVICES,413.45,4.156694798
11-06-2020,BAJAJ-AUTO,AUTOMOBILE,2718.55,-1.441105028
11-06-2020,BAJAJFINSV,FINANCIAL SERVICES,5158,8.288545516
11-06-2020,BAJFINANCE,FINANCIAL SERVICES,2338.9,8.239813037
11-06-2020,BHARTIARTL,TELECOM,551.85,-1.287899115
11-06-2020,BPCL,OIL & GAS,370.05,6.85821542
11-06-2020,BRITANNIA,CONSUMER GOODS,3370.35,-1.877811258
11-06-2020,CIPLA,PHARMA,635,-1.167315175
11-06-2020,COALINDIA,METALS,137.7,-7.303938068
11-06-2020,DRREDDY,PHARMA,4057.6,2.631811916
11-06-2020,EICHERMOT,AUTOMOBILE,16442.8,-3.196502951
11-06-2020,GAIL,OIL & GAS,95.55,3.915171289
11-06-2020,GRASIM,CEMENT & CEMENT PRODUCTS,590.6,1.216795201
11-06-2020,HCLTECH,IT,578.05,3.269316659
11-06-2020,HDFC,FINANCIAL SERVICES,1787.45,2.862979801
11-06-2020,HDFCBANK,FINANCIAL SERVICES,968.6,-1.928820939
11-06-2020,HEROMOTOCO,AUTOMOBILE,2309.95,-0.702832825
11-06-2020,HINDALCO,METALS,144.4,3.772906935
11-06-2020,HINDUNILVR,CONSUMER GOODS,2106.9,-0.078252828
11-06-2020,ICICIBANK,FINANCIAL SERVICES,341.25,0.589535741
11-06-2020,INDUSINDBK,FINANCIAL SERVICES,523.15,27.56644721
11-06-2020,INFRATEL,TELECOM,210.8,-5.997770346
11-06-2020,INFY,IT,703.95,0.62897577
11-06-2020,IOC,OIL & GAS,88.35,2.553685432
11-06-2020,ITC,CONSUMER GOODS,194.25,-3.141361257
11-06-2020,JSWSTEEL,METALS,184.65,-4.795050271
11-06-2020,KOTAKBANK,FINANCIAL SERVICES,1298.7,4.029157321
11-06-2020,LT,CONSTRUCTION,930.45,0.247804773
11-06-2020,M&M,AUTOMOBILE,474.55,2.916937758
11-06-2020,MARUTI,AUTOMOBILE,5426.15,-6.342343275
11-06-2020,NESTLEIND,CONSUMER GOODS,16608.25,-3.347406953
11-06-2020,NTPC,POWER,98.05,0.153217569
11-06-2020,ONGC,OIL & GAS,86.9,3.513996426
11-06-2020,POWERGRID,POWER,171,7.648725212
11-06-2020,RELIANCE,OIL & GAS,1537.7,1.141184596
11-06-2020,SBIN,FINANCIAL SERVICES,177.15,4.175242576
11-06-2020,SHREECEM,CEMENT & CEMENT PRODUCTS,21251.2,0.863102089
11-06-2020,SUNPHARMA,PHARMA,473.65,1.772668672
11-06-2020,TATAMOTORS,AUTOMOBILE,106.15,18.53713009
11-06-2020,TATASTEEL,METALS,313.15,-0.650380711
11-06-2020,TCS,IT,2067.65,1.095220633
11-06-2020,TECHM,IT,571.85,5.20651274
11-06-2020,TITAN,CONSUMER GOODS,951.25,-0.797789133
11-06-2020,ULTRACEMCO,CEMENT & CEMENT PRODUCTS,3704.9,-2.903792227
11-06-2020,UPL,FERTILISERS & PESTICIDES,417.45,-0.441211543
11-06-2020,VEDL,METALS,101.05,7.901761879
11-06-2020,WIPRO,IT,212.9,-0.999767496
11-06-2020,ZEEL,MEDIA & ENTERTAINMENT,175.95,-5.352339968
12-06-2020,ADANIPORTS,SERVICES,345.3,4.842872324
12-06-2020,ASIANPAINT,CONSUMER GOODS,1637.35,-3.30134357
12-06-2020,AXISBANK,FINANCIAL SERVICES,408,2.78372591
12-06-2020,BAJAJ-AUTO,AUTOMOBILE,2782.15,0.864663017
12-06-2020,BAJAJFINSV,FINANCIAL SERVICES,5285.95,10.97476486
12-06-2020,BAJFINANCE,FINANCIAL SERVICES,2450.15,13.38824999
12-06-2020,BHARTIARTL,TELECOM,560.1,0.187818621
12-06-2020,BPCL,OIL & GAS,373.9,7.969968236
12-06-2020,BRITANNIA,CONSUMER GOODS,3366.05,-2.002998675
12-06-2020,CIPLA,PHARMA,643.6,0.171206226
12-06-2020,COALINDIA,METALS,134.65,-9.357118815
12-06-2020,DRREDDY,PHARMA,4007.95,1.375978551
12-06-2020,EICHERMOT,AUTOMOBILE,16857.3,-0.756222127
12-06-2020,GAIL,OIL & GAS,96.35,4.785209353
12-06-2020,GRASIM,CEMENT & CEMENT PRODUCTS,601.95,3.161953728
12-06-2020,HCLTECH,IT,570.75,1.965163019
12-06-2020,HDFC,FINANCIAL SERVICES,1792.2,3.136329631
12-06-2020,HDFCBANK,FINANCIAL SERVICES,982.75,-0.496127171
12-06-2020,HEROMOTOCO,AUTOMOBILE,2401.85,3.247646477
12-06-2020,HINDALCO,METALS,146.05,4.958677686
12-06-2020,HINDUNILVR,CONSUMER GOODS,2107.25,-0.061653743
12-06-2020,ICICIBANK,FINANCIAL SERVICES,344.2,1.459100958
12-06-2020,INDUSINDBK,FINANCIAL SERVICES,528.45,28.85881492
12-06-2020,INFRATEL,TELECOM,225,0.334448161
12-06-2020,INFY,IT,692.05,-1.07211779
12-06-2020,IOC,OIL & GAS,88.3,2.495647127
12-06-2020,ITC,CONSUMER GOODS,193.9,-3.315881326
12-06-2020,JSWSTEEL,METALS,188.95,-2.577984016
12-06-2020,KOTAKBANK,FINANCIAL SERVICES,1279.8,2.515219481
12-06-2020,LT,CONSTRUCTION,926.4,-0.18854711
12-06-2020,M&M,AUTOMOBILE,508.45,10.26892214
12-06-2020,MARUTI,AUTOMOBILE,5561.75,-4.001829605
12-06-2020,NESTLEIND,CONSUMER GOODS,16496.3,-3.998905924
12-06-2020,NTPC,POWER,96.9,-1.02145046
12-06-2020,ONGC,OIL & GAS,83.9,-0.059559261
12-06-2020,POWERGRID,POWER,166.3,4.689959081
12-06-2020,RELIANCE,OIL & GAS,1588.8,4.502252771
12-06-2020,SBIN,FINANCIAL SERVICES,179.15,5.351367245
12-06-2020,SHREECEM,CEMENT & CEMENT PRODUCTS,22392.65,6.280687349
12-06-2020,SUNPHARMA,PHARMA,480.1,3.15857327
12-06-2020,TATAMOTORS,AUTOMOBILE,105.3,17.5879397
12-06-2020,TATASTEEL,METALS,317.6,0.76142132
12-06-2020,TCS,IT,2039.5,-0.281139225
12-06-2020,TECHM,IT,554.7,2.051329225
12-06-2020,TITAN,CONSUMER GOODS,977.7,1.960579831
12-06-2020,ULTRACEMCO,CEMENT & CEMENT PRODUCTS,3788.55,-0.711533926
12-06-2020,UPL,FERTILISERS & PESTICIDES,411.65,-1.824469354
12-06-2020,VEDL,METALS,103.3,10.30432461
12-06-2020,WIPRO,IT,207.9,-3.324808184
12-06-2020,ZEEL,MEDIA & ENTERTAINMENT,168.55,-9.332974718
15-06-2020,ADANIPORTS,SERVICES,339.75,3.157734932
15-06-2020,ASIANPAINT,CONSUMER GOODS,1618.2,-4.432304739
15-06-2020,AXISBANK,FINANCIAL SERVICES,389.6,-1.851618592
15-06-2020,BAJAJ-AUTO,AUTOMOBILE,2728.55,-1.078562883
15-06-2020,BAJAJFINSV,FINANCIAL SERVICES,5103.6,7.146456164
15-06-2020,BAJFINANCE,FINANCIAL SERVICES,2351.4,8.818289099
15-06-2020,BHARTIARTL,TELECOM,550.7,-1.493605223
15-06-2020,BPCL,OIL & GAS,361,4.244874386
15-06-2020,BRITANNIA,CONSUMER GOODS,3357.2,-2.260651848
15-06-2020,CIPLA,PHARMA,643.65,0.178988327
15-06-2020,COALINDIA,METALS,132.1,-11.07371255
15-06-2020,DRREDDY,PHARMA,4012.3,1.486006248
15-06-2020,EICHERMOT,AUTOMOBILE,16481.95,-2.966015631
15-06-2020,GAIL,OIL & GAS,99.65,8.374116368
15-06-2020,GRASIM,CEMENT & CEMENT PRODUCTS,581.9,-0.274207369
15-06-2020,HCLTECH,IT,578.95,3.430102724
15-06-2020,HDFC,FINANCIAL SERVICES,1751.65,0.802785291
15-06-2020,HDFCBANK,FINANCIAL SERVICES,949.85,-3.827266744
15-06-2020,HEROMOTOCO,AUTOMOBILE,2348.15,0.939259769
15-06-2020,HINDALCO,METALS,145.8,4.779015451
15-06-2020,HINDUNILVR,CONSUMER GOODS,2084.3,-1.150079438
15-06-2020,ICICIBANK,FINANCIAL SERVICES,331.1,-2.402358143
15-06-2020,INDUSINDBK,FINANCIAL SERVICES,490.55,19.61716654
15-06-2020,INFRATEL,TELECOM,222.9,-0.602006689
15-06-2020,INFY,IT,687.55,-1.715388464
15-06-2020,IOC,OIL & GAS,86.2,0.058038305
15-06-2020,ITC,CONSUMER GOODS,187.2,-6.656694091
15-06-2020,JSWSTEEL,METALS,183.75,-5.259087394
15-06-2020,KOTAKBANK,FINANCIAL SERVICES,1248.9,0.040051266
15-06-2020,LT,CONSTRUCTION,899.9,-3.043689059
15-06-2020,M&M,AUTOMOBILE,508.15,10.20386033
15-06-2020,MARUTI,AUTOMOBILE,5475.75,-5.486226181
15-06-2020,NESTLEIND,CONSUMER GOODS,16400.3,-4.557583023
15-06-2020,NTPC,POWER,93.2,-4.80081716
15-06-2020,ONGC,OIL & GAS,84.1,0.178677784
15-06-2020,POWERGRID,POWER,163.25,2.769908719
15-06-2020,RELIANCE,OIL & GAS,1614.55,6.195941724
15-06-2020,SBIN,FINANCIAL SERVICES,173.7,2.146427521
15-06-2020,SHREECEM,CEMENT & CEMENT PRODUCTS,22117.25,4.973575359
15-06-2020,SUNPHARMA,PHARMA,485.8,4.383326171
15-06-2020,TATAMOTORS,AUTOMOBILE,100.5,12.2278057
15-06-2020,TATASTEEL,METALS,306.2,-2.855329949
15-06-2020,TCS,IT,2029.9,-0.750519496
15-06-2020,TECHM,IT,548.8,0.965872505
15-06-2020,TITAN,CONSUMER GOODS,948.4,-1.095004693
15-06-2020,ULTRACEMCO,CEMENT & CEMENT PRODUCTS,3744.8,-1.858112535
15-06-2020,UPL,FERTILISERS & PESTICIDES,405,-3.410445981
15-06-2020,VEDL,METALS,102.4,9.343299519
15-06-2020,WIPRO,IT,213.8,-0.581260172
15-06-2020,ZEEL,MEDIA & ENTERTAINMENT,165.5,-10.97364174
16-06-2020,ADANIPORTS,SERVICES,340.8,3.476544709
16-06-2020,ASIANPAINT,CONSUMER GOODS,1621.7,-4.225601654
16-06-2020,AXISBANK,FINANCIAL SERVICES,381.55,-3.879581811
16-06-2020,BAJAJ-AUTO,AUTOMOBILE,2718.45,-1.44473045
16-06-2020,BAJAJFINSV,FINANCIAL SERVICES,5128.3,7.665015116
16-06-2020,BAJFINANCE,FINANCIAL SERVICES,2365,9.447671055
16-06-2020,BHARTIARTL,TELECOM,544.9,-2.53107951
16-06-2020,BPCL,OIL & GAS,359.75,3.88391568
16-06-2020,BRITANNIA,CONSUMER GOODS,3345.35,-2.605645079
16-06-2020,CIPLA,PHARMA,637.8,-0.73151751
16-06-2020,COALINDIA,METALS,131.15,-11.71322787
16-06-2020,DRREDDY,PHARMA,4005.45,1.312744243
16-06-2020,EICHERMOT,AUTOMOBILE,16709.05,-1.629012555
16-06-2020,GAIL,OIL & GAS,97.5,6.03588907
16-06-2020,GRASIM,CEMENT & CEMENT PRODUCTS,589.1,0.959725793
16-06-2020,HCLTECH,IT,580.9,3.778472532
16-06-2020,HDFC,FINANCIAL SERVICES,1821.9,4.845485412
16-06-2020,HDFCBANK,FINANCIAL SERVICES,990.4,0.278438718
16-06-2020,HEROMOTOCO,AUTOMOBILE,2395.95,2.994024846
16-06-2020,HINDALCO,METALS,150.1,7.869205893
16-06-2020,HINDUNILVR,CONSUMER GOODS,2076.35,-1.52711579
16-06-2020,ICICIBANK,FINANCIAL SERVICES,342.95,1.09064112
16-06-2020,INDUSINDBK,FINANCIAL SERVICES,481.8,17.4835406
16-06-2020,INFRATEL,TELECOM,216,-3.678929766
16-06-2020,INFY,IT,701.2,0.235865914
16-06-2020,IOC,OIL & GAS,84.85,-1.508995937
16-06-2020,ITC,CONSUMER GOODS,185,-7.753677387
16-06-2020,JSWSTEEL,METALS,190.05,-2.010827533
16-06-2020,KOTAKBANK,FINANCIAL SERVICES,1276.8,2.274911887
16-06-2020,LT,CONSTRUCTION,895.05,-3.566233906
16-06-2020,M&M,AUTOMOBILE,506.75,9.90023856
16-06-2020,MARUTI,AUTOMOBILE,5502.2,-5.029687932
16-06-2020,NESTLEIND,CONSUMER GOODS,16342.1,-4.896281015
16-06-2020,NTPC,POWER,92.8,-5.209397344
16-06-2020,ONGC,OIL & GAS,83.9,-0.059559261
16-06-2020,POWERGRID,POWER,162.7,2.423670129
16-06-2020,RELIANCE,OIL & GAS,1617.7,6.403130858
16-06-2020,SBIN,FINANCIAL SERVICES,172.9,1.675977654
16-06-2020,SHREECEM,CEMENT & CEMENT PRODUCTS,22111.3,4.945335286
16-06-2020,SUNPHARMA,PHARMA,483.4,3.867640739
16-06-2020,TATAMOTORS,AUTOMOBILE,94.75,5.806811837
16-06-2020,TATASTEEL,METALS,308.95,-1.98286802
16-06-2020,TCS,IT,2045.8,0.026891578
16-06-2020,TECHM,IT,533.3,-1.885751081
16-06-2020,TITAN,CONSUMER GOODS,958.05,-0.088643237
16-06-2020,ULTRACEMCO,CEMENT & CEMENT PRODUCTS,3779.95,-0.936918521
16-06-2020,UPL,FERTILISERS & PESTICIDES,414.25,-1.204388266
16-06-2020,VEDL,METALS,103.85,10.89161773
16-06-2020,WIPRO,IT,212.4,-1.232271565
16-06-2020,ZEEL,MEDIA & ENTERTAINMENT,163.9,-11.83431953
17-06-2020,ADANIPORTS,SERVICES,341.3,3.628358889
17-06-2020,ASIANPAINT,CONSUMER GOODS,1595.4,-5.778827698
17-06-2020,AXISBANK,FINANCIAL SERVICES,389.6,-1.851618592
17-06-2020,BAJAJ-AUTO,AUTOMOBILE,2689.45,-2.496102672
17-06-2020,BAJAJFINSV,FINANCIAL SERVICES,5036.95,5.747186765
17-06-2020,BAJFINANCE,FINANCIAL SERVICES,2396,10.88229169
17-06-2020,BHARTIARTL,TELECOM,563.45,0.787049459
17-06-2020,BPCL,OIL & GAS,364.6,5.284435461
17-06-2020,BRITANNIA,CONSUMER GOODS,3401.45,-0.972385985
17-06-2020,CIPLA,PHARMA,640.35,-0.33463035
17-06-2020,COALINDIA,METALS,129.45,-12.8576237
17-06-2020,DRREDDY,PHARMA,3985.2,0.800546344
17-06-2020,EICHERMOT,AUTOMOBILE,16796.85,-1.112108679
17-06-2020,GAIL,OIL & GAS,96.25,4.676454595
17-06-2020,GRASIM,CEMENT & CEMENT PRODUCTS,583.85,0.059982862
17-06-2020,HCLTECH,IT,575.85,2.876284055
17-06-2020,HDFC,FINANCIAL SERVICES,1794.65,3.277320596
17-06-2020,HDFCBANK,FINANCIAL SERVICES,979.25,-0.850503721
17-06-2020,HEROMOTOCO,AUTOMOBILE,2363.3,1.590508533
17-06-2020,HINDALCO,METALS,148,6.360043119
17-06-2020,HINDUNILVR,CONSUMER GOODS,2078.25,-1.437006474
17-06-2020,ICICIBANK,FINANCIAL SERVICES,341.95,0.79587325
17-06-2020,INDUSINDBK,FINANCIAL SERVICES,491.15,19.76347232
17-06-2020,INFRATEL,TELECOM,206.25,-8.026755853
17-06-2020,INFY,IT,703.65,0.586091059
17-06-2020,IOC,OIL & GAS,84.35,-2.08937899
17-06-2020,ITC,CONSUMER GOODS,181.2,-9.648466717
17-06-2020,JSWSTEEL,METALS,191.85,-1.082753287
17-06-2020,KOTAKBANK,FINANCIAL SERVICES,1243.8,-0.368471644
17-06-2020,LT,CONSTRUCTION,884.8,-4.670581264
17-06-2020,M&M,AUTOMOBILE,497.6,7.915853394
17-06-2020,MARUTI,AUTOMOBILE,5726.2,-1.163352665
17-06-2020,NESTLEIND,CONSUMER GOODS,16198.15,-5.734005686
17-06-2020,NTPC,POWER,91.5,-6.537282942
17-06-2020,ONGC,OIL & GAS,84.2,0.297796307
17-06-2020,POWERGRID,POWER,159.5,0.409191061
17-06-2020,RELIANCE,OIL & GAS,1615.35,6.248561187
17-06-2020,SBIN,FINANCIAL SERVICES,172.95,1.70538077
17-06-2020,SHREECEM,CEMENT & CEMENT PRODUCTS,21635.4,2.686604001
17-06-2020,SUNPHARMA,PHARMA,485.65,4.351095832
17-06-2020,TATAMOTORS,AUTOMOBILE,95.4,6.532663317
17-06-2020,TATASTEEL,METALS,308.2,-2.220812183
17-06-2020,TCS,IT,2047.8,0.124679135
17-06-2020,TECHM,IT,535.55,-1.471805722
17-06-2020,TITAN,CONSUMER GOODS,963,0.427573261
17-06-2020,ULTRACEMCO,CEMENT & CEMENT PRODUCTS,3809.2,-0.170348822
17-06-2020,UPL,FERTILISERS & PESTICIDES,420.8,0.357739089
17-06-2020,VEDL,METALS,102.1,9.022957822
17-06-2020,WIPRO,IT,217.8,1.278772379
17-06-2020,ZEEL,MEDIA & ENTERTAINMENT,165,-11.24260355
18-06-2020,ADANIPORTS,SERVICES,343.8,4.387429786
18-06-2020,ASIANPAINT,CONSUMER GOODS,1597.8,-5.637088439
18-06-2020,AXISBANK,FINANCIAL SERVICES,405.4,2.128731578
18-06-2020,BAJAJ-AUTO,AUTOMOBILE,2678.35,-2.898524453
18-06-2020,BAJAJFINSV,FINANCIAL SERVICES,5427.55,13.94755626
18-06-2020,BAJFINANCE,FINANCIAL SERVICES,2525.95,16.89612884
18-06-2020,BHARTIARTL,TELECOM,560.9,0.330918522
18-06-2020,BPCL,OIL & GAS,370.25,6.915968813
18-06-2020,BRITANNIA,CONSUMER GOODS,3404.25,-0.890868597
18-06-2020,CIPLA,PHARMA,642.05,-0.070038911
18-06-2020,COALINDIA,METALS,137.6,-7.37125547
18-06-2020,DRREDDY,PHARMA,4007,1.351949514
18-06-2020,EICHERMOT,AUTOMOBILE,17116.05,0.76711361
18-06-2020,GAIL,OIL & GAS,97.05,5.546492659
18-06-2020,GRASIM,CEMENT & CEMENT PRODUCTS,598.1,2.502142245
18-06-2020,HCLTECH,IT,578.95,3.430102724
18-06-2020,HDFC,FINANCIAL SERVICES,1855.95,6.80497209
18-06-2020,HDFCBANK,FINANCIAL SERVICES,1019.95,3.270389308
18-06-2020,HEROMOTOCO,AUTOMOBILE,2364.95,1.661436616
18-06-2020,HINDALCO,METALS,150.8,8.372260151
18-06-2020,HINDUNILVR,CONSUMER GOODS,2065.35,-2.048801309
18-06-2020,ICICIBANK,FINANCIAL SERVICES,352,3.758290346
18-06-2020,INDUSINDBK,FINANCIAL SERVICES,499.2,21.72640819
18-06-2020,INFRATEL,TELECOM,209.3,-6.666666667
18-06-2020,INFY,IT,713.9,2.051318705
18-06-2020,IOC,OIL & GAS,84.85,-1.508995937
18-06-2020,ITC,CONSUMER GOODS,186.6,-6.955871354
18-06-2020,JSWSTEEL,METALS,193.4,-0.283578242
18-06-2020,KOTAKBANK,FINANCIAL SERVICES,1303.35,4.401634092
18-06-2020,LT,CONSTRUCTION,896.65,-3.393847977
18-06-2020,M&M,AUTOMOBILE,506.6,9.867707656
18-06-2020,MARUTI,AUTOMOBILE,5714.4,-1.367025684
18-06-2020,NESTLEIND,CONSUMER GOODS,16178.95,-5.845741106
18-06-2020,NTPC,POWER,92.7,-5.31154239
18-06-2020,ONGC,OIL & GAS,83.6,-0.41691483
18-06-2020,POWERGRID,POWER,165.45,4.154863078
18-06-2020,RELIANCE,OIL & GAS,1655.9,8.915710198
18-06-2020,SBIN,FINANCIAL SERVICES,179.65,5.645398412
18-06-2020,SHREECEM,CEMENT & CEMENT PRODUCTS,21866.1,3.781559469
18-06-2020,SUNPHARMA,PHARMA,484.25,4.05027933
18-06-2020,TATAMOTORS,AUTOMOBILE,96.35,7.593523171
18-06-2020,TATASTEEL,METALS,318.1,0.920050761
18-06-2020,TCS,IT,2038.1,-0.349590515
18-06-2020,TECHM,IT,535.9,-1.407414221
18-06-2020,TITAN,CONSUMER GOODS,976,1.783293357
18-06-2020,ULTRACEMCO,CEMENT & CEMENT PRODUCTS,3844.25,0.748224441
18-06-2020,UPL,FERTILISERS & PESTICIDES,427.9,2.051037443
18-06-2020,VEDL,METALS,107,14.25520555
18-06-2020,WIPRO,IT,218.15,1.441525227
18-06-2020,ZEEL,MEDIA & ENTERTAINMENT,174.4,-6.186121571
19-06-2020,ADANIPORTS,SERVICES,348.9,5.935934416
19-06-2020,ASIANPAINT,CONSUMER GOODS,1622.5,-4.178355234
19-06-2020,AXISBANK,FINANCIAL SERVICES,417.05,5.063610026
19-06-2020,BAJAJ-AUTO,AUTOMOBILE,2674.35,-3.043541312
19-06-2020,BAJAJFINSV,FINANCIAL SERVICES,5899.8,23.86210951
19-06-2020,BAJFINANCE,FINANCIAL SERVICES,2698.6,24.88604022
19-06-2020,BHARTIARTL,TELECOM,572.5,2.405867096
19-06-2020,BPCL,OIL & GAS,380.55,9.890268553
19-06-2020,BRITANNIA,CONSUMER GOODS,3438.55,0.107719406
19-06-2020,CIPLA,PHARMA,636.2,-0.980544747
19-06-2020,COALINDIA,METALS,137.25,-7.606866375
19-06-2020,DRREDDY,PHARMA,4005.6,1.316538301
19-06-2020,EICHERMOT,AUTOMOBILE,17349.35,2.140617871
19-06-2020,GAIL,OIL & GAS,99.5,8.210984231
19-06-2020,GRASIM,CEMENT & CEMENT PRODUCTS,601.25,3.041988003
19-06-2020,HCLTECH,IT,569.6,1.759714158
19-06-2020,HDFC,FINANCIAL SERVICES,1835.1,5.605110203
19-06-2020,HDFCBANK,FINANCIAL SERVICES,1033.35,4.627145244
19-06-2020,HEROMOTOCO,AUTOMOBILE,2355.85,1.27025749
19-06-2020,HINDALCO,METALS,151.05,8.551922386
19-06-2020,HINDUNILVR,CONSUMER GOODS,2092.75,-0.749330108
19-06-2020,ICICIBANK,FINANCIAL SERVICES,363.8,7.236551216
19-06-2020,INDUSINDBK,FINANCIAL SERVICES,483.65,17.93465009
19-06-2020,INFRATEL,TELECOM,218.85,-2.408026756
19-06-2020,INFY,IT,705.55,0.857694232
19-06-2020,IOC,OIL & GAS,85.3,-0.98665119
19-06-2020,ITC,CONSUMER GOODS,184.05,-8.22737472
19-06-2020,JSWSTEEL,METALS,194.3,0.180458881
19-06-2020,KOTAKBANK,FINANCIAL SERVICES,1302.5,4.33354694
19-06-2020,LT,CONSTRUCTION,898.2,-3.226849108
19-06-2020,M&M,AUTOMOBILE,500.05,8.447191499
19-06-2020,MARUTI,AUTOMOBILE,5897.35,1.790769125
19-06-2020,NESTLEIND,CONSUMER GOODS,16094.85,-6.335165523
19-06-2020,NTPC,POWER,93,-5.005107252
19-06-2020,ONGC,OIL & GAS,85.75,2.144133413
19-06-2020,POWERGRID,POWER,171.4,7.900535096
19-06-2020,RELIANCE,OIL & GAS,1759.4,15.72335318
19-06-2020,SBIN,FINANCIAL SERVICES,184.5,8.497500735
19-06-2020,SHREECEM,CEMENT & CEMENT PRODUCTS,21678.95,2.893302356
19-06-2020,SUNPHARMA,PHARMA,488.1,4.87752471
19-06-2020,TATAMOTORS,AUTOMOBILE,102.5,14.46119486
19-06-2020,TATASTEEL,METALS,320.55,1.697335025
19-06-2020,TCS,IT,2044.6,-0.031780956
19-06-2020,TECHM,IT,538.85,-0.864685861
19-06-2020,TITAN,CONSUMER GOODS,975.85,1.767650433
19-06-2020,ULTRACEMCO,CEMENT & CEMENT PRODUCTS,3836.35,0.541185104
19-06-2020,UPL,FERTILISERS & PESTICIDES,436.9,4.197471977
19-06-2020,VEDL,METALS,105.25,12.38654565
19-06-2020,WIPRO,IT,222.05,3.255056963
19-06-2020,ZEEL,MEDIA & ENTERTAINMENT,172.95,-6.966110812
22-06-2020,ADANIPORTS,SERVICES,349.6,6.148474267
22-06-2020,ASIANPAINT,CONSUMER GOODS,1652.15,-2.427284807
22-06-2020,AXISBANK,FINANCIAL SERVICES,430.15,8.363773775
22-06-2020,BAJAJ-AUTO,AUTOMOBILE,2855.75,3.532973208
22-06-2020,BAJAJFINSV,FINANCIAL SERVICES,6183.55,29.81923917
22-06-2020,BAJFINANCE,FINANCIAL SERVICES,2840.3,31.44364486
22-06-2020,BHARTIARTL,TELECOM,581.05,3.935247295
22-06-2020,BPCL,OIL & GAS,385.15,11.21859659
22-06-2020,BRITANNIA,CONSUMER GOODS,3421.2,-0.397397266
22-06-2020,CIPLA,PHARMA,655.95,2.093385214
22-06-2020,COALINDIA,METALS,143.65,-3.298552676
22-06-2020,DRREDDY,PHARMA,4032.85,2.005792263
22-06-2020,EICHERMOT,AUTOMOBILE,17588.95,3.551212045
22-06-2020,GAIL,OIL & GAS,98.3,6.905927134
22-06-2020,GRASIM,CEMENT & CEMENT PRODUCTS,617.6,5.844044559
22-06-2020,HCLTECH,IT,569.6,1.759714158
22-06-2020,HDFC,FINANCIAL SERVICES,1819.4,4.70161708
22-06-2020,HDFCBANK,FINANCIAL SERVICES,1028.75,4.161393206
22-06-2020,HEROMOTOCO,AUTOMOBILE,2412.6,3.709753686
22-06-2020,HINDALCO,METALS,150.1,7.869205893
22-06-2020,HINDUNILVR,CONSUMER GOODS,2100.8,-0.367551161
22-06-2020,ICICIBANK,FINANCIAL SERVICES,367.55,8.34193073
22-06-2020,INDUSINDBK,FINANCIAL SERVICES,489.9,19.45866862
22-06-2020,INFRATEL,TELECOM,222.85,-0.624303233
22-06-2020,INFY,IT,703.7,0.59323851
22-06-2020,IOC,OIL & GAS,88.05,2.205455601
22-06-2020,ITC,CONSUMER GOODS,185,-7.753677387
22-06-2020,JSWSTEEL,METALS,197.95,2.062387213
22-06-2020,KOTAKBANK,FINANCIAL SERVICES,1355.35,8.566965716
22-06-2020,LT,CONSTRUCTION,907.45,-2.230242956
22-06-2020,M&M,AUTOMOBILE,498.75,8.165256994
22-06-2020,MARUTI,AUTOMOBILE,5896,1.76746755
22-06-2020,NESTLEIND,CONSUMER GOODS,16140.8,-6.067757057
22-06-2020,NTPC,POWER,95.3,-2.655771195
22-06-2020,ONGC,OIL & GAS,84.85,1.072066706
22-06-2020,POWERGRID,POWER,178.6,12.433113
22-06-2020,RELIANCE,OIL & GAS,1746.15,14.85184333
22-06-2020,SBIN,FINANCIAL SERVICES,187.7,10.37930021
22-06-2020,SHREECEM,CEMENT & CEMENT PRODUCTS,22017.6,4.50061345
22-06-2020,SUNPHARMA,PHARMA,493.2,5.973356253
22-06-2020,TATAMOTORS,AUTOMOBILE,102.65,14.62869905
22-06-2020,TATASTEEL,METALS,325.7,3.331218274
22-06-2020,TCS,IT,2027.95,-0.845862364
22-06-2020,TECHM,IT,548.5,0.91067979
22-06-2020,TITAN,CONSUMER GOODS,979.5,2.148294921
22-06-2020,ULTRACEMCO,CEMENT & CEMENT PRODUCTS,3825.25,0.250281731
22-06-2020,UPL,FERTILISERS & PESTICIDES,446.2,6.415454329
22-06-2020,VEDL,METALS,110.05,17.51201281
22-06-2020,WIPRO,IT,218.05,1.395024413
22-06-2020,ZEEL,MEDIA & ENTERTAINMENT,177.05,-4.760623991
23-06-2020,ADANIPORTS,SERVICES,355.65,7.985425839
23-06-2020,ASIANPAINT,CONSUMER GOODS,1683.9,-0.552192529
23-06-2020,AXISBANK,FINANCIAL SERVICES,443.65,11.76470588
23-06-2020,BAJAJ-AUTO,AUTOMOBILE,2862.15,3.765000181
23-06-2020,BAJAJFINSV,FINANCIAL SERVICES,6319.65,32.67656198
23-06-2020,BAJFINANCE,FINANCIAL SERVICES,3025.5,40.01434621
23-06-2020,BHARTIARTL,TELECOM,578.8,3.532778821
23-06-2020,BPCL,OIL & GAS,392,13.1966503
23-06-2020,BRITANNIA,CONSUMER GOODS,3467.05,0.937449961
23-06-2020,CIPLA,PHARMA,659.8,2.692607004
23-06-2020,COALINDIA,METALS,143.85,-3.163917873
23-06-2020,DRREDDY,PHARMA,4108.85,3.928115238
23-06-2020,EICHERMOT,AUTOMOBILE,17891.15,5.330350441
23-06-2020,GAIL,OIL & GAS,99.25,7.939097336
23-06-2020,GRASIM,CEMENT & CEMENT PRODUCTS,622.35,6.658097686
23-06-2020,HCLTECH,IT,580.25,3.662349263
23-06-2020,HDFC,FINANCIAL SERVICES,1838.1,5.777752201
23-06-2020,HDFCBANK,FINANCIAL SERVICES,1042.3,5.533336708
23-06-2020,HEROMOTOCO,AUTOMOBILE,2418.85,3.978420668
23-06-2020,HINDALCO,METALS,158.35,13.79805965
23-06-2020,HINDUNILVR,CONSUMER GOODS,2155.95,2.247990325
23-06-2020,ICICIBANK,FINANCIAL SERVICES,376.15,10.87693441
23-06-2020,INDUSINDBK,FINANCIAL SERVICES,520.4,26.89587905
23-06-2020,INFRATEL,TELECOM,232.35,3.612040134
23-06-2020,INFY,IT,720.65,3.016224716
23-06-2020,IOC,OIL & GAS,89.35,3.714451538
23-06-2020,ITC,CONSUMER GOODS,185.85,-7.329842932
23-06-2020,JSWSTEEL,METALS,201.65,3.970095385
23-06-2020,KOTAKBANK,FINANCIAL SERVICES,1389.9,11.33450817
23-06-2020,LT,CONSTRUCTION,967.6,4.250390562
23-06-2020,M&M,AUTOMOBILE,516.4,11.99306007
23-06-2020,MARUTI,AUTOMOBILE,5886.5,1.60349351
23-06-2020,NESTLEIND,CONSUMER GOODS,16548.45,-3.695416229
23-06-2020,NTPC,POWER,100.75,2.91113381
23-06-2020,ONGC,OIL & GAS,85.65,2.02501489
23-06-2020,POWERGRID,POWER,187.45,18.00440667
23-06-2020,RELIANCE,OIL & GAS,1720.9,13.19104154
23-06-2020,SBIN,FINANCIAL SERVICES,192.45,13.1725963
23-06-2020,SHREECEM,CEMENT & CEMENT PRODUCTS,22756.25,8.006416904
23-06-2020,SUNPHARMA,PHARMA,500.45,7.531155995
23-06-2020,TATAMOTORS,AUTOMOBILE,104.4,16.58291457
23-06-2020,TATASTEEL,METALS,332,5.329949239
23-06-2020,TCS,IT,2035.3,-0.486493094
23-06-2020,TECHM,IT,558.8,2.805629657
23-06-2020,TITAN,CONSUMER GOODS,999.25,4.207946605
23-06-2020,ULTRACEMCO,CEMENT & CEMENT PRODUCTS,3942.8,3.330974657
23-06-2020,UPL,FERTILISERS & PESTICIDES,463.1,10.4459814
23-06-2020,VEDL,METALS,110,17.45862253
23-06-2020,WIPRO,IT,220.6,2.580795164
23-06-2020,ZEEL,MEDIA & ENTERTAINMENT,181.95,-2.124798279
24-06-2020,ADANIPORTS,SERVICES,351.85,6.831638075
24-06-2020,ASIANPAINT,CONSUMER GOODS,1747.25,3.189133323
24-06-2020,AXISBANK,FINANCIAL SERVICES,424.65,6.978208842
24-06-2020,BAJAJ-AUTO,AUTOMOBILE,2817.25,2.137185948
24-06-2020,BAJAJFINSV,FINANCIAL SERVICES,6046.05,26.93252435
24-06-2020,BAJFINANCE,FINANCIAL SERVICES,2934.45,35.80072657
24-06-2020,BHARTIARTL,TELECOM,557.35,-0.304087291
24-06-2020,BPCL,OIL & GAS,378.55,9.312734623
24-06-2020,BRITANNIA,CONSUMER GOODS,3446.4,0.336259225
24-06-2020,CIPLA,PHARMA,631.2,-1.758754864
24-06-2020,COALINDIA,METALS,141.55,-4.712218108
24-06-2020,DRREDDY,PHARMA,4042.65,2.253670752
24-06-2020,EICHERMOT,AUTOMOBILE,18436.85,8.543043433
24-06-2020,GAIL,OIL & GAS,101.4,10.27732463
24-06-2020,GRASIM,CEMENT & CEMENT PRODUCTS,613.65,5.167095116
24-06-2020,HCLTECH,IT,559.6,-0.026797678
24-06-2020,HDFC,FINANCIAL SERVICES,1797.75,3.455717328
24-06-2020,HDFCBANK,FINANCIAL SERVICES,1032.5,4.541082367
24-06-2020,HEROMOTOCO,AUTOMOBILE,2493.8,7.200275115
24-06-2020,HINDALCO,METALS,151.4,8.803449515
24-06-2020,HINDUNILVR,CONSUMER GOODS,2130.3,1.031514548
24-06-2020,ICICIBANK,FINANCIAL SERVICES,348.1,2.608695652
24-06-2020,INDUSINDBK,FINANCIAL SERVICES,481.7,17.4591563
24-06-2020,INFRATEL,TELECOM,233.05,3.92419175
24-06-2020,INFY,IT,714.15,2.087055965
24-06-2020,IOC,OIL & GAS,87.1,1.1027278
24-06-2020,ITC,CONSUMER GOODS,191.85,-4.338070307
24-06-2020,JSWSTEEL,METALS,193.9,-0.02577984
24-06-2020,KOTAKBANK,FINANCIAL SERVICES,1343.9,7.649791733
24-06-2020,LT,CONSTRUCTION,955.55,2.952109034
24-06-2020,M&M,AUTOMOBILE,515.35,11.76534374
24-06-2020,MARUTI,AUTOMOBILE,5755.35,-0.660211268
24-06-2020,NESTLEIND,CONSUMER GOODS,16707.95,-2.767197507
24-06-2020,NTPC,POWER,97.05,-0.868232891
24-06-2020,ONGC,OIL & GAS,83.1,-1.012507445
24-06-2020,POWERGRID,POWER,178.5,12.37016053
24-06-2020,RELIANCE,OIL & GAS,1727.85,13.64817312
24-06-2020,SBIN,FINANCIAL SERVICES,184.6,8.556306969
24-06-2020,SHREECEM,CEMENT & CEMENT PRODUCTS,22566.25,7.104633033
24-06-2020,SUNPHARMA,PHARMA,484.4,4.082509669
24-06-2020,TATAMOTORS,AUTOMOBILE,104.8,17.02959241
24-06-2020,TATASTEEL,METALS,326.05,3.442258883
24-06-2020,TCS,IT,2042.2,-0.149126024
24-06-2020,TECHM,IT,560.95,3.201177445
24-06-2020,TITAN,CONSUMER GOODS,988.2,3.055584524
24-06-2020,ULTRACEMCO,CEMENT & CEMENT PRODUCTS,3821.6,0.154624315
24-06-2020,UPL,FERTILISERS & PESTICIDES,444.95,6.117338421
24-06-2020,VEDL,METALS,109.45,16.87132942
24-06-2020,WIPRO,IT,218.2,1.464775634
24-06-2020,ZEEL,MEDIA & ENTERTAINMENT,174.1,-6.347498655
25-06-2020,ADANIPORTS,SERVICES,344,4.448155458
25-06-2020,ASIANPAINT,CONSUMER GOODS,1689,-0.250996604
25-06-2020,AXISBANK,FINANCIAL SERVICES,421.7,6.235042197
25-06-2020,BAJAJ-AUTO,AUTOMOBILE,2820.45,2.253199434
25-06-2020,BAJAJFINSV,FINANCIAL SERVICES,6021.15,26.40976654
25-06-2020,BAJFINANCE,FINANCIAL SERVICES,3005.35,39.08184279
25-06-2020,BHARTIARTL,TELECOM,559,-0.008943744
25-06-2020,BPCL,OIL & GAS,370.25,6.915968813
25-06-2020,BRITANNIA,CONSUMER GOODS,3450.4,0.452712637
25-06-2020,CIPLA,PHARMA,634.9,-1.182879377
25-06-2020,COALINDIA,METALS,140.4,-5.486368226
25-06-2020,DRREDDY,PHARMA,4006.6,1.341832024
25-06-2020,EICHERMOT,AUTOMOBILE,18090.7,6.505158736
25-06-2020,GAIL,OIL & GAS,103.1,12.12615552
25-06-2020,GRASIM,CEMENT & CEMENT PRODUCTS,607.45,4.10454156
25-06-2020,HCLTECH,IT,550.05,-1.732916481
25-06-2020,HDFC,FINANCIAL SERVICES,1777.8,2.307648041
25-06-2020,HDFCBANK,FINANCIAL SERVICES,1028.75,4.161393206
25-06-2020,HEROMOTOCO,AUTOMOBILE,2559.7,10.03309977
25-06-2020,HINDALCO,METALS,146.6,5.353934603
25-06-2020,HINDUNILVR,CONSUMER GOODS,2173.15,3.063716772
25-06-2020,ICICIBANK,FINANCIAL SERVICES,351,3.463522476
25-06-2020,INDUSINDBK,FINANCIAL SERVICES,475.15,15.86198488
25-06-2020,INFRATEL,TELECOM,228.45,1.872909699
25-06-2020,INFY,IT,700.5,0.135801587
25-06-2020,IOC,OIL & GAS,85.05,-1.276842716
25-06-2020,ITC,CONSUMER GOODS,202.1,0.772874595
25-06-2020,JSWSTEEL,METALS,193.55,-0.206238721
25-06-2020,KOTAKBANK,FINANCIAL SERVICES,1381.7,10.67766741
25-06-2020,LT,CONSTRUCTION,943.1,1.610731024
25-06-2020,M&M,AUTOMOBILE,507.25,10.00867491
25-06-2020,MARUTI,AUTOMOBILE,5762.3,-0.540251312
25-06-2020,NESTLEIND,CONSUMER GOODS,16787,-2.307161833
25-06-2020,NTPC,POWER,96.1,-1.838610827
25-06-2020,ONGC,OIL & GAS,81.6,-2.799285289
25-06-2020,POWERGRID,POWER,179.35,12.90525653
25-06-2020,RELIANCE,OIL & GAS,1717.9,12.99371855
25-06-2020,SBIN,FINANCIAL SERVICES,185.25,8.938547486
25-06-2020,SHREECEM,CEMENT & CEMENT PRODUCTS,22068.8,4.743620472
25-06-2020,SUNPHARMA,PHARMA,487.65,4.780833691
25-06-2020,TATAMOTORS,AUTOMOBILE,103.8,15.91289782
25-06-2020,TATASTEEL,METALS,323.1,2.506345178
25-06-2020,TCS,IT,2016.1,-1.425253636
25-06-2020,TECHM,IT,554.15,1.950142581
25-06-2020,TITAN,CONSUMER GOODS,977.6,1.950151215
25-06-2020,ULTRACEMCO,CEMENT & CEMENT PRODUCTS,3802.35,-0.349870273
25-06-2020,UPL,FERTILISERS & PESTICIDES,442.9,5.628428333
25-06-2020,VEDL,METALS,111.25,18.7933796
25-06-2020,WIPRO,IT,218.2,1.464775634
25-06-2020,ZEEL,MEDIA & ENTERTAINMENT,172.35,-7.288864981
26-06-2020,ADANIPORTS,SERVICES,343.2,4.205252771
26-06-2020,ASIANPAINT,CONSUMER GOODS,1686.75,-0.383877159
26-06-2020,AXISBANK,FINANCIAL SERVICES,424.85,7.028593022
26-06-2020,BAJAJ-AUTO,AUTOMOBILE,2867.6,3.962585651
26-06-2020,BAJAJFINSV,FINANCIAL SERVICES,5946.3,24.83834397
26-06-2020,BAJFINANCE,FINANCIAL SERVICES,2903.5,34.36841983
26-06-2020,BHARTIARTL,TELECOM,560.4,0.241481084
26-06-2020,BPCL,OIL & GAS,393.65,13.6731158
26-06-2020,BRITANNIA,CONSUMER GOODS,3456.4,0.627392754
26-06-2020,CIPLA,PHARMA,634.9,-1.182879377
26-06-2020,COALINDIA,METALS,142.1,-4.3419724
26-06-2020,DRREDDY,PHARMA,3998.6,1.139482237
26-06-2020,EICHERMOT,AUTOMOBILE,18473.4,8.758223805
26-06-2020,GAIL,OIL & GAS,105.15,14.35562806
26-06-2020,GRASIM,CEMENT & CEMENT PRODUCTS,616.15,5.59554413
26-06-2020,HCLTECH,IT,562.4,0.473425636
26-06-2020,HDFC,FINANCIAL SERVICES,1769.35,1.821373079
26-06-2020,HDFCBANK,FINANCIAL SERVICES,1056.45,6.966030476
26-06-2020,HEROMOTOCO,AUTOMOBILE,2540.45,9.205605468
26-06-2020,HINDALCO,METALS,151.05,8.551922386
26-06-2020,HINDUNILVR,CONSUMER GOODS,2154.2,2.164994902
26-06-2020,ICICIBANK,FINANCIAL SERVICES,349.1,2.903463522
26-06-2020,INDUSINDBK,FINANCIAL SERVICES,492.55,20.10485248
26-06-2020,INFRATEL,TELECOM,220.6,-1.627647715
26-06-2020,INFY,IT,748.2,6.954470731
26-06-2020,IOC,OIL & GAS,89.15,3.482298317
26-06-2020,ITC,CONSUMER GOODS,195.2,-2.667663924
26-06-2020,JSWSTEEL,METALS,192.65,-0.670275844
26-06-2020,KOTAKBANK,FINANCIAL SERVICES,1340.1,7.345402115
26-06-2020,LT,CONSTRUCTION,962.2,3.668588052
26-06-2020,M&M,AUTOMOBILE,501.4,8.739969638
26-06-2020,MARUTI,AUTOMOBILE,5754.9,-0.667978459
26-06-2020,NESTLEIND,CONSUMER GOODS,16677.5,-2.944402899
26-06-2020,NTPC,POWER,97,-0.919305414
26-06-2020,ONGC,OIL & GAS,84.15,0.238237046
26-06-2020,POWERGRID,POWER,179.2,12.81082782
26-06-2020,RELIANCE,OIL & GAS,1741.65,14.55585885
26-06-2020,SBIN,FINANCIAL SERVICES,184.6,8.556306969
26-06-2020,SHREECEM,CEMENT & CEMENT PRODUCTS,22523.85,6.903392843
26-06-2020,SUNPHARMA,PHARMA,479.95,3.126342931
26-06-2020,TATAMOTORS,AUTOMOBILE,101.4,13.23283082
26-06-2020,TATASTEEL,METALS,323.85,2.74428934
26-06-2020,TCS,IT,2118.85,3.59858208
26-06-2020,TECHM,IT,560.85,3.182779873
26-06-2020,TITAN,CONSUMER GOODS,966.2,0.761288977
26-06-2020,ULTRACEMCO,CEMENT & CEMENT PRODUCTS,3860.6,1.176717247
26-06-2020,UPL,FERTILISERS & PESTICIDES,440.25,4.996422609
26-06-2020,VEDL,METALS,109.95,17.40523225
26-06-2020,WIPRO,IT,225.45,4.836084631
26-06-2020,ZEEL,MEDIA & ENTERTAINMENT,176.25,-5.190962883
29-06-2020,ADANIPORTS,SERVICES,342.65,4.038257173
29-06-2020,ASIANPAINT,CONSUMER GOODS,1691.95,-0.076775432
29-06-2020,AXISBANK,FINANCIAL SERVICES,404.8,1.97757904
29-06-2020,BAJAJ-AUTO,AUTOMOBILE,2859.5,3.668926513
29-06-2020,BAJAJFINSV,FINANCIAL SERVICES,5890.2,23.66056433
29-06-2020,BAJFINANCE,FINANCIAL SERVICES,2857.95,32.26045306
29-06-2020,BHARTIARTL,TELECOM,567.1,1.43994276
29-06-2020,BPCL,OIL & GAS,383.35,10.69881606
29-06-2020,BRITANNIA,CONSUMER GOODS,3519.25,2.45716698
29-06-2020,CIPLA,PHARMA,644.9,0.373540856
29-06-2020,COALINDIA,METALS,134.85,-9.222484012
29-06-2020,DRREDDY,PHARMA,3973.85,0.513462584
29-06-2020,EICHERMOT,AUTOMOBILE,18113.5,6.6393889
29-06-2020,GAIL,OIL & GAS,103.6,12.66992931
29-06-2020,GRASIM,CEMENT & CEMENT PRODUCTS,619.25,6.126820908
29-06-2020,HCLTECH,IT,553.7,-1.080839661
29-06-2020,HDFC,FINANCIAL SERVICES,1741.15,0.198538298
29-06-2020,HDFCBANK,FINANCIAL SERVICES,1076.05,8.950539159
29-06-2020,HEROMOTOCO,AUTOMOBILE,2504.05,7.640888965
29-06-2020,HINDALCO,METALS,145.85,4.814947898
29-06-2020,HINDUNILVR,CONSUMER GOODS,2182.95,3.528491143
29-06-2020,ICICIBANK,FINANCIAL SERVICES,343.1,1.134856301
29-06-2020,INDUSINDBK,FINANCIAL SERVICES,480,17.04462326
29-06-2020,INFRATEL,TELECOM,219.25,-2.229654404
29-06-2020,INFY,IT,731.75,4.602959045
29-06-2020,IOC,OIL & GAS,87.1,1.1027278
29-06-2020,ITC,CONSUMER GOODS,197.25,-1.645474944
29-06-2020,JSWSTEEL,METALS,190.7,-1.675689611
29-06-2020,KOTAKBANK,FINANCIAL SERVICES,1355.65,8.590996475
29-06-2020,LT,CONSTRUCTION,936.6,0.910413188
29-06-2020,M&M,AUTOMOBILE,507.45,10.05204945
29-06-2020,MARUTI,AUTOMOBILE,5678.7,-1.983222867
29-06-2020,NESTLEIND,CONSUMER GOODS,16724.85,-2.668847059
29-06-2020,NTPC,POWER,94.9,-3.064351379
29-06-2020,ONGC,OIL & GAS,82.4,-1.846337105
29-06-2020,POWERGRID,POWER,178.25,12.21277935
29-06-2020,RELIANCE,OIL & GAS,1723.15,13.33903378
29-06-2020,SBIN,FINANCIAL SERVICES,179.25,5.410173478
29-06-2020,SHREECEM,CEMENT & CEMENT PRODUCTS,22341.95,6.040053443
29-06-2020,SUNPHARMA,PHARMA,482,3.566824237
29-06-2020,TATAMOTORS,AUTOMOBILE,99.45,11.05527638
29-06-2020,TATASTEEL,METALS,320.85,1.79251269
29-06-2020,TCS,IT,2101.65,2.757609094
29-06-2020,TECHM,IT,541.55,-0.36795143
29-06-2020,TITAN,CONSUMER GOODS,957.45,-0.151214934
29-06-2020,ULTRACEMCO,CEMENT & CEMENT PRODUCTS,3807,-0.228005346
29-06-2020,UPL,FERTILISERS & PESTICIDES,431.9,3.005008347
29-06-2020,VEDL,METALS,107.95,15.26962093
29-06-2020,WIPRO,IT,219.7,2.16228784
29-06-2020,ZEEL,MEDIA & ENTERTAINMENT,172.05,-7.450242066
30-06-2020,ADANIPORTS,SERVICES,343.9,4.417792622
30-06-2020,ASIANPAINT,CONSUMER GOODS,1687.45,-0.342536542
30-06-2020,AXISBANK,FINANCIAL SERVICES,406.65,2.443632699
30-06-2020,BAJAJ-AUTO,AUTOMOBILE,2826.05,2.456223036
30-06-2020,BAJAJFINSV,FINANCIAL SERVICES,5845.15,22.71477158
30-06-2020,BAJFINANCE,FINANCIAL SERVICES,2831,31.01325867
30-06-2020,BHARTIARTL,TELECOM,559.85,0.143099902
30-06-2020,BPCL,OIL & GAS,374,7.998844932
30-06-2020,BRITANNIA,CONSUMER GOODS,3603.8,4.918700962
30-06-2020,CIPLA,PHARMA,640.25,-0.350194553
30-06-2020,COALINDIA,METALS,132.85,-10.56883204
30-06-2020,DRREDDY,PHARMA,3944.95,-0.217526021
30-06-2020,EICHERMOT,AUTOMOBILE,18334.3,7.939302062
30-06-2020,GAIL,OIL & GAS,102.15,11.09298532
30-06-2020,GRASIM,CEMENT & CEMENT PRODUCTS,619.7,6.203941731
30-06-2020,HCLTECH,IT,556.85,-0.518088432
30-06-2020,HDFC,FINANCIAL SERVICES,1754.65,0.975427289
30-06-2020,HDFCBANK,FINANCIAL SERVICES,1065.85,7.91778464
30-06-2020,HEROMOTOCO,AUTOMOBILE,2546.95,9.485019129
30-06-2020,HINDALCO,METALS,146.2,5.066475027
30-06-2020,HINDUNILVR,CONSUMER GOODS,2180,3.388584572
30-06-2020,ICICIBANK,FINANCIAL SERVICES,351.45,3.596168018
30-06-2020,INDUSINDBK,FINANCIAL SERVICES,474.8,15.77663984
30-06-2020,INFRATEL,TELECOM,221.5,-1.226309922
30-06-2020,INFY,IT,735.95,5.203345008
30-06-2020,IOC,OIL & GAS,85.35,-0.928612885
30-06-2020,ITC,CONSUMER GOODS,194.65,-2.941909748
30-06-2020,JSWSTEEL,METALS,189.35,-2.371745295
30-06-2020,KOTAKBANK,FINANCIAL SERVICES,1360.45,8.975488625
30-06-2020,LT,CONSTRUCTION,943.65,1.669988687
30-06-2020,M&M,AUTOMOBILE,510.7,10.75688571
30-06-2020,MARUTI,AUTOMOBILE,5838.3,0.771541011
30-06-2020,NESTLEIND,CONSUMER GOODS,17174.45,-0.052375978
30-06-2020,NTPC,POWER,95.8,-2.145045965
30-06-2020,ONGC,OIL & GAS,81.35,-3.097081596
30-06-2020,POWERGRID,POWER,174.85,10.07239534
30-06-2020,RELIANCE,OIL & GAS,1704.1,12.08603282
30-06-2020,SBIN,FINANCIAL SERVICES,178.45,4.939723611
30-06-2020,SHREECEM,CEMENT & CEMENT PRODUCTS,23051.05,9.405605773
30-06-2020,SUNPHARMA,PHARMA,472.95,1.622260421
30-06-2020,TATAMOTORS,AUTOMOBILE,98.25,9.715242881
30-06-2020,TATASTEEL,METALS,326.7,3.648477157
30-06-2020,TCS,IT,2082.15,1.804180418
30-06-2020,TECHM,IT,543.4,-0.027596357
30-06-2020,TITAN,CONSUMER GOODS,949.85,-0.943789759
30-06-2020,ULTRACEMCO,CEMENT & CEMENT PRODUCTS,3893.55,2.040254737
30-06-2020,UPL,FERTILISERS & PESTICIDES,425.2,1.407107083
30-06-2020,VEDL,METALS,106.4,13.61452216
30-06-2020,WIPRO,IT,219.65,2.139037433
30-06-2020,ZEEL,MEDIA & ENTERTAINMENT,171.1,-7.9612695
